--------- beginning of main
05-16 14:22:28.370 15040 15073 D nativeloader: Load /data/app/~~xuwSglT3Ta47th9wdtIk0w==/br.com.sinalseguro.app-ul6zL1-Z7Vx9uDGoEW0lPA==/base.apk!/lib/arm64-v8a/librnscreens.so using class loader ns clns-7 (caller=/data/app/~~xuwSglT3Ta47th9wdtIk0w==/br.com.sinalseguro.app-ul6zL1-Z7Vx9uDGoEW0lPA==/base.apk!classes16.dex): ok
05-16 14:22:28.373  1192  3031 I WifiHAL : send gennl msg of len : 164 to apps
05-16 14:22:28.374  1192  3031 I WifiHAL : send gennl msg of len : 164 to apps
05-16 14:22:28.375  1805 19387 I LOWI-9.0.1.68.a: [LOWI-ROME-RTT] event_handler: invalid data
05-16 14:22:28.375  1805 19386 I LOWI-9.0.1.68.a: [LOWI-Scan] lowi_close_record:Scan done in 862737754ms, 1 APs in scan results
05-16 14:22:28.376  1162 15090 I PAL: StreamSoundTrigger: ProcessEvent: 4231: StBuffering: handle event 7 for stream instance 1
05-16 14:22:28.376  1805  1879 I LOWI-9.0.1.68.a: [LOWIUtils] responseToOutPostcard - TO: FreeWifiScanObserver, FROM:   LOWI-SERVER, RESP:  LOWI_ASYNC_DISCOVERY_SCAN_RESULTS
05-16 14:22:28.379  1176  1287 E LocSvc_LBSApiV02: operator():345]: Error : st = 0, ind.status = 1
05-16 14:22:28.384 15040 15073 I ReactNativeJS: Running "main"
05-16 14:22:28.397  1162 15090 I PAL: StreamSoundTrigger: ProcessEvent: 4231: StBuffering: handle event 7 for stream instance 1
05-16 14:22:28.418  1162 15090 I PAL: StreamSoundTrigger: ProcessEvent: 4231: StBuffering: handle event 7 for stream instance 1
05-16 14:22:28.439  1162 15090 I PAL: StreamSoundTrigger: ProcessEvent: 4231: StBuffering: handle event 7 for stream instance 1
05-16 14:22:28.460  1162 15090 I PAL: StreamSoundTrigger: ProcessEvent: 4231: StBuffering: handle event 7 for stream instance 1
05-16 14:22:28.482  1162 15090 I PAL: StreamSoundTrigger: ProcessEvent: 4231: StBuffering: handle event 7 for stream instance 1
05-16 14:22:28.503  1162 15090 I PAL: StreamSoundTrigger: ProcessEvent: 4231: StBuffering: handle event 7 for stream instance 1
05-16 14:22:28.524  1162 15090 I PAL: StreamSoundTrigger: ProcessEvent: 4231: StBuffering: handle event 7 for stream instance 1
05-16 14:22:28.545  1162 15090 I PAL: StreamSoundTrigger: ProcessEvent: 4231: StBuffering: handle event 7 for stream instance 1
05-16 14:22:28.568  3201  4535 D IpClient/wlan0: addressUpdated: 2804:29b8:5099:a8d1:ac78:fdff:fe50:e419/64 on ifindex 36 flags 0x00000100 scope 0
05-16 14:22:28.568  1162 15090 I PAL: StreamSoundTrigger: ProcessEvent: 4231: StBuffering: handle event 7 for stream instance 1
05-16 14:22:28.569  3201  4535 D IpClient/wlan0: addressUpdated: 2804:29b8:5099:a8d1:2ec3:12f3:4791:b404/64 on ifindex 36 flags 0x00000001 scope 0
05-16 14:22:28.570  3201  4535 W AlarmManager: Unrecognized alarm listener com.android.networkstack.android.net.ip.IpClientLinkObserver$Dhcp6PdPreferredPrefixAlarmListener@3b85266
05-16 14:22:28.570  3201  4535 D IpClient/wlan0: addressUpdated: 2804:29b8:5099:a8d1:ac78:fdff:fe50:e419/64 on ifindex 36 flags 0x00000100 scope 0
05-16 14:22:28.570  3201  4535 W AlarmManager: Unrecognized alarm listener com.android.networkstack.android.net.ip.IpClientLinkObserver$Dhcp6PdPreferredPrefixAlarmListener@3b85266
05-16 14:22:28.570  3201  4535 D ApfFilter: (wlan0): Ignoring RA RA fe80::2223:51ff:fec6:81f4 -> ff02::1 30s 2804:29b8:5099:a8d1::/64 172800s/172800s DNS 10s 2804:29b8:1000:1::17 2804:29b8:1000:1::18  which matches RA fe80::2223:51ff:fec6:81f4 -> ff02::1 30s 2804:29b8:5099:a8d1::/64 172800s/172800s DNS 10s 2804:29b8:1000:1::17 2804:29b8:1000:1::18 
05-16 14:22:28.570  3201  4535 D ApfFilter: (wlan0): Ignoring RA RA fe80::2223:51ff:fec6:81f4 -> ff02::1 30s 2804:29b8:5099:a8d1::/64 172800s/172800s DNS 10s 2804:29b8:1000:1::17 2804:29b8:1000:1::18  which matches RA fe80::2223:51ff:fec6:81f4 -> ff02::1 30s 2804:29b8:5099:a8d1::/64 172800s/172800s DNS 10s 2804:29b8:1000:1::17 2804:29b8:1000:1::18 
05-16 14:22:28.589  1162 15090 I PAL: StreamSoundTrigger: ProcessEvent: 4231: StBuffering: handle event 7 for stream instance 1
05-16 14:22:28.610  1162 15090 I PAL: StreamSoundTrigger: ProcessEvent: 4231: StBuffering: handle event 7 for stream instance 1
05-16 14:22:28.632  1162 15090 I PAL: StreamSoundTrigger: ProcessEvent: 4231: StBuffering: handle event 7 for stream instance 1
05-16 14:22:28.653  1162 15090 I PAL: StreamSoundTrigger: ProcessEvent: 4231: StBuffering: handle event 7 for stream instance 1
05-16 14:22:28.655  1162 15090 I PAL: StreamSoundTrigger: ProcessEvent: 4231: StBuffering: handle event 7 for stream instance 1
05-16 14:22:28.676  1162 15090 I PAL: StreamSoundTrigger: ProcessEvent: 4231: StBuffering: handle event 7 for stream instance 1
05-16 14:22:28.697  1162 15090 I PAL: StreamSoundTrigger: ProcessEvent: 4231: StBuffering: handle event 7 for stream instance 1
05-16 14:22:28.716  3224  3484 W bluetooth: packages/modules/MiuiBluetooth/system/bta/jv/bta_jv_act.cc:2184 bta_jv_idle_timeout_handler: : true
05-16 14:22:28.718  1162 15090 I PAL: StreamSoundTrigger: ProcessEvent: 4231: StBuffering: handle event 7 for stream instance 1
05-16 14:22:28.739  1162 15090 I PAL: StreamSoundTrigger: ProcessEvent: 4231: StBuffering: handle event 7 for stream instance 1
05-16 14:22:28.741 23023 23135 I native  : I0000 00:00:1778952148.741845   23135 hotword_processor.cc:848] Hotword has timed out.
05-16 14:22:28.743 23023 23135 I native  : I0000 00:00:1778952148.743239   23135 soda_impl.cc:1956] Adding hotword timeout event
05-16 14:22:28.743 23023 23135 I native  : I0000 00:00:1778952148.743810   23135 soda_async_impl.cc:1038] SODA stopped processing audio, mics audio processed in millis: 3000, loopback audio processed in millis: 0
05-16 14:22:28.744 23023 23135 I native  : I0000 00:00:1778952148.744831   23135 soda_async_impl.cc:1050] Audio readers are stopped.
05-16 14:22:28.745 23023 24730 W ProxyAndroidLoggerBackend: Too many Flogger logs received before configuration. Dropping old logs.
05-16 14:22:28.746 23023 24730 W ProxyAndroidLoggerBackend: Too many Flogger logs received before configuration. Dropping old logs.
05-16 14:22:28.746 23023 23135 I native  : I0000 00:00:1778952148.746034   23135 soda_async_impl.cc:1528] Ending ASR due to process sync signal.
05-16 14:22:28.746 23023 24730 W ProxyAndroidLoggerBackend: Too many Flogger logs received before configuration. Dropping old logs.
05-16 14:22:28.747 23023 24730 W ProxyAndroidLoggerBackend: Too many Flogger logs received before configuration. Dropping old logs.
05-16 14:22:28.747 23023 24730 I AudioRecord: stop mSessionID=78137, packageName: com.google.android.googlequicksearchbox
05-16 14:22:28.747 23023 24730 D AudioRecord: stop(14812): mActive:1
05-16 14:22:28.747 23023 23135 I native  : I0000 00:00:1778952148.747584   23135 soda_async_impl.cc:1113] SODA session stopped due to: HOTWORD_TIMEOUT
05-16 14:22:28.748 23023 24730 W libc    : Access denied finding property "ro.vendor.audio.aac.para.modify.support"
05-16 14:22:28.748 23023 23136 W ProxyAndroidLoggerBackend: Too many Flogger logs received before configuration. Dropping old logs.
05-16 14:22:28.741 23023 23023 W pool-3-thread-1: type=1400 audit(0.0:7233158): avc:  denied  { read } for  name="u:object_r:vendor_audio_prop:s0" dev="tmpfs" ino=418 scontext=u:r:isolated_compute_app:s0:c512,c768 tcontext=u:object_r:vendor_audio_prop:s0 tclass=file permissive=0 app=com.facebook.katana
05-16 14:22:28.761  1267 15087 D AudioFlinger: updateWakeLockUids_l AudioIn_2B7E uids:
05-16 14:22:28.763  1162  4139 E AHAL: AudioStream: in_update_sink_metadata_v7: 1302: in_update_sink_metadata_v7: stream or sink_metadata is NULL
05-16 14:22:28.763  1162  4139 D AHAL: AudioStream: astream_in_standby: 1449: enter: stream (0xb40000713cef0db0) usecase(20: audio-record)
05-16 14:22:28.763  1162  4139 D AHAL: AudioStream: Standby: 3973: Enter
05-16 14:22:28.763  1162  4139 I PAL: StreamSoundTrigger: setParameters: 528: Enter, param id 5
05-16 14:22:28.763  1162  4139 I PAL: StreamSoundTrigger: ProcessEvent: 4231: StBuffering: handle event 5 for stream instance 1
05-16 14:22:28.764  1162  4139 E PAL: ResourceManager: updateECDeviceMap: 4934: Cannot reset as ec ref not present
05-16 14:22:28.764  1162  4139 I PAL: StreamSoundTrigger: setECRef_l: 653: Enter, enable 0
05-16 14:22:28.764  1162  4139 I PAL: StreamSoundTrigger: setECRef_l: 656: No need to set ec ref
05-16 14:22:28.764  1162  4139 I PAL: StreamSoundTrigger: setECRef_l: 678: Exit, status 0
05-16 14:22:28.764  1162  4139 E PAL: ResourceManager: voteSleepMonitor: 1410: ioctl device is not open
05-16 14:22:28.764  1162  4139 I PAL: SoundTriggerEngineGsl: StopRecognition: 2214: Enter
05-16 14:22:28.775  1162 23464 I PAL: SoundTriggerEngineGsl: StartBuffering: 470: Exit, status 0
05-16 14:22:28.775  1162  4139 I PAL: SoundTriggerEngineGsl: ProcessStopRecognition: 2181: Enter
05-16 14:22:28.775  1162  4139 I PAL: SoundTriggerEngineGsl: UpdateSessionPayload: 2863: Enter, param : 4
05-16 14:22:28.775  1162  4139 I PAL: PayloadBuilder: payloadSVAConfig: 1447: PID 0x8001051, payload 0xb40000708cf7fbf0K size 16
05-16 14:22:28.775  1162  4139 D AGM: graph: graph_set_config: 1146 entry graph_handle 0x47534c
05-16 14:22:28.776  1162  4139 I gsl     : gsl_send_spf_cmd:157 sending pkt with token 0x1ef4c, opcode 0x1001006
05-16 14:22:28.776  1162  4139 I gsl     : gsl_send_spf_cmd:185 rcvd pkt token : 0x1ef4c
05-16 14:22:28.776  1162  4139 D AGM: graph: graph_set_config: 1154 exit, graph handle 0x47534c, ret 0
05-16 14:22:28.777  1162  4139 D AGM: graph: graph_stop: 967 entry graph_handle 0x47534c
05-16 14:22:28.777  1162  4139 I gsl     : gsl_send_spf_cmd:157 sending pkt with token 0x1ef4d, opcode 0x1001003
05-16 14:22:28.782  1162  4139 I gsl     : gsl_send_spf_cmd:185 rcvd pkt token : 0x1ef4d
05-16 14:22:28.782  1162  4139 D AGM: graph: graph_stop: 1012 exit, ret 0
05-16 14:22:28.782  1162  4139 E PAL: ResourceManager: voteSleepMonitor: 1410: ioctl device is not open
05-16 14:22:28.782  1162  4139 I gsl     : gsl_send_spf_cmd:157 sending pkt with token 0x1ef4e, opcode 0x100100e
05-16 14:22:28.782  1162  4139 I gsl     : gsl_send_spf_cmd:185 rcvd pkt token : 0x1ef4e
05-16 14:22:28.782  1162  4139 I PAL: SoundTriggerEngineGsl: UpdateState: 1550: Engine state transitioned from 3 to 1
05-16 14:22:28.782  1162  4139 I PAL: SoundTriggerEngineGsl: ProcessStopRecognition: 2205: Exit, status = 0
05-16 14:22:28.782  1162  4139 I PAL: SoundTriggerEngineGsl: StopRecognition: 2264: Exit, status = 0
05-16 14:22:28.782  1162  4139 I PAL: StreamSoundTrigger: ProcessEvent: 4375: Stop device 35-PAL_DEVICE_IN_HANDSET_VA_MIC
05-16 14:22:28.782  1162  4139 I PAL: Device: close: 478: Enter. deviceCount 1 for device id 35 (PAL_DEVICE_IN_HANDSET_VA_MIC)
05-16 14:22:28.790  1162  4139 E PAL: Device: close: 495: Exit. deviceCount 0 for device id 35 (PAL_DEVICE_IN_HANDSET_VA_MIC), exit status 0
05-16 14:22:28.790  1162  4139 E PAL: Device: close: 503: [close] deviceAttr.id:[35] ,deviceCount:[0] device_name [PAL_DEVICE_IN_HANDSET_VA_MIC]
05-16 14:22:28.790  1162  4139 I PAL: StreamSoundTrigger: TransitTo: 2973: Stream instance 1: state transitioned from ST_STATE_BUFFERING to ST_STATE_LOADED
05-16 14:22:28.790  1162  4139 I PAL: ResourceManager: releaseWakeLock: 1021: Releasing wake lock audio_pal_wl
05-16 14:22:28.790  1162  4139 I PAL: StreamSoundTrigger: setParameters: 576: Exit, status 0
05-16 14:22:28.790  1162  4139 D AHAL: AudioStream: Standby: 4014: Exit ret: 0
05-16 14:22:28.790  1162  4139 D AHAL: AudioStream: astream_in_standby: 1458: Exit ret: 0
05-16 14:22:28.791 10343 14499 I PowerKeeper.Event: noteStopAudioInNeed uid is 99121, sessionid is 78137, port is 14812, type is 1
05-16 14:22:28.792  1267 17928 D APM_AudioPolicyManager: stopInput portId 14812
05-16 14:22:28.792  1267 17928 V audio_utils::mutex: mutex_impl: audio_mutex initialized: ret:0  order:6
05-16 14:22:28.792 10343 10523 I AppActiveChecker: uid:99121change to inactive
05-16 14:22:28.792  1267 17928 V audio_utils::mutex: mutex_impl: audio_mutex initialized: ret:0  order:6
05-16 14:22:28.793  1267  1941 V AudioFlinger::PatchPanel: releaseAudioPatch_l handle 41804
05-16 14:22:28.793  1267  1941 V audio_utils::mutex: mutex_impl: audio_mutex initialized: ret:0  order:20
05-16 14:22:28.793  2431  3135 I AudioService.RecordingActivityMonitor: rec stop riid:-1 uid:99121 session:78137 src:HOTWORD not silenced pack:
05-16 14:22:28.794  1162  4139 E AHAL: AudioStream: in_update_sink_metadata_v7: 1302: in_update_sink_metadata_v7: stream or sink_metadata is NULL
05-16 14:22:28.794  1162  6599 D AHAL: AudioDevice: ReleaseAudioPatch: 549: Release patch with handle 3305
05-16 14:22:28.794  1162  6599 I AHAL: AudioDevice: InGetStream: 1283: Found existing stream associated with iohandle 11134
05-16 14:22:28.794  1162  6599 I AHAL: AudioStream: RouteStream: 4160: Enter: InPrimary usecase(20: audio-record)
05-16 14:22:28.794  1162  6599 D AHAL: AudioStream: RouteStream: 4171: mAndroidInDevices 0x80000004, mNoOfInDevices 1, new_devices 0x0, num new_devices: 1
05-16 14:22:28.794  1162  6599 D AHAL: AudioStream: RouteStream: 4309: exit 0
05-16 14:22:28.794  1162  6599 D AHAL: AudioDevice: ReleaseAudioPatch: 604: Successfully released patch 3305
05-16 14:22:28.794  1267 17928 V audio_utils::mutex: mutex_impl: audio_mutex initialized: ret:0  order:6
05-16 14:22:28.795  1267 17928 D APM_AudioPolicyManager: stopInput: setCaptureState false for sva
05-16 14:22:28.795  1267 17928 V audio_utils::mutex: mutex_impl: audio_mutex initialized: ret:0  order:6
05-16 14:22:28.796  1267  1941 V audio_utils::mutex: mutex_impl: audio_mutex initialized: ret:0  order:20
05-16 14:22:28.798  1267 15087 D AudioFlinger: updateWakeLockUids_l AudioIn_2B7E uids:
05-16 14:22:28.798  1267 15087 D AudioFlingerImpl: checkForGameParameter_l() set events appname=-com.google.android.googlequicksearchbox
05-16 14:22:28.798  1162  4139 D AHAL: AudioStream: astream_in_set_parameters: 1468: Enter: appname=-com.google.android.googlequicksearchbox
05-16 14:22:28.798  1162  4139 D AHAL: AudioStreamCustom: SetParameters: 366: enter: kvpairs is appname=-com.google.android.googlequicksearchbox
05-16 14:22:28.799  1162  4139 D AHAL: AudioStreamCustom: SetParameters: 391: SetParameters app_types_ is (0)
05-16 14:22:28.799  1162  4139 D AHAL: AudioStreamCustom: SetParameters: 429: [hal_apptype] SetParameters(), in: set app name -com.google.android.googlequicksearchbox [2440, 0x0 0x0]
05-16 14:22:28.799  1162  4139 D AHAL: AudioStreamCustom: SetParameters: 433: [hal_apptype] is sing app input 0
05-16 14:22:28.799  1162  4139 D AHAL: AudioStreamCustom: SetParameters: 434: [hal_apptype] is singing app on 0
05-16 14:22:28.799  1162  4139 D AHAL: AudioStream: SetParameters: 4346: enter: kvpairs: appname=-com.google.android.googlequicksearchbox
05-16 14:22:28.799  1162  4139 D AHAL: AudioStream: SetParameters: 4365: exit 0
05-16 14:22:28.799  1162  4139 D AHAL: AudioStreamCustom: SetParameters: 447: Exit:0 
05-16 14:22:28.800 23023 24730 W BatteryNotifier: batterystats service unavailable!
05-16 14:22:28.800 23023 24730 I AudioRecord: stop mSessionID=78137, packageName: com.google.android.googlequicksearchbox
05-16 14:22:28.800 23023 24730 D AudioRecord: stop(14812): mActive:0
05-16 14:22:28.793 23023 23023 W pool-3-thread-1: type=1400 audit(0.0:7233159): avc:  denied  { read } for  name="u:object_r:vendor_audio_prop:s0" dev="tmpfs" ino=418 scontext=u:r:isolated_compute_app:s0:c512,c768 tcontext=u:object_r:vendor_audio_prop:s0 tclass=file permissive=0 app=com.facebook.katana
05-16 14:22:28.800 23023 24730 W libc    : Access denied finding property "ro.vendor.audio.aac.para.modify.support"
05-16 14:22:28.801 23023 24730 I AudioRecord: stop mSessionID=78137, packageName: com.google.android.googlequicksearchbox
05-16 14:22:28.801 23023 24730 D AudioRecord: stop(14812): mActive:0
05-16 14:22:28.801 23023 24730 W libc    : Access denied finding property "ro.vendor.audio.aac.para.modify.support"
05-16 14:22:28.793 23023 23023 W pool-3-thread-1: type=1400 audit(0.0:7233160): avc:  denied  { read } for  name="u:object_r:vendor_audio_prop:s0" dev="tmpfs" ino=418 scontext=u:r:isolated_compute_app:s0:c512,c768 tcontext=u:object_r:vendor_audio_prop:s0 tclass=file permissive=0 app=com.facebook.katana
05-16 14:22:28.802 23023 24730 D AudioRecordStub: ~AudioRecordStub() destroy
05-16 14:22:28.802 23023 24730 W mediametrics::Item: selfrecord: failed to record: {audiorecord, (12-31 21:00:00.000), (, -1, -1), (android.media.audiorecord.attributes={ Content type: AUDIO_CONTENT_TYPE_UNKNOWN Usage: AUDIO_USAGE_UNKNOWN Source: AUDIO_SOURCE_HOTWORD Flags: 0x800 Tags:  }, android.media.audiorecord.channelMask=16, android.media.audiorecord.channels=1, android.media.audiorecord.durationMs=1.033386e+03, android.media.audiorecord.encoding=AUDIO_FORMAT_PCM_16_BIT, android.media.audiorecord.frameCount=160000, android.media.audiorecord.latency=20, android.media.audiorecord.logSessionId=, android.media.audiorecord.portId=14812, android.media.audiorecord.samplerate=16000, android.media.audiorecord.source=AUDIO_SOURCE_HOTWORD, android.media.audiorecord.startCount=1)}
05-16 14:22:28.803 23023 24730 W ProxyAndroidLoggerBackend: Too many Flogger logs received before configuration. Dropping old logs.
--------- beginning of system
05-16 14:22:28.804 22428 22975 I AlwaysOnHotwordDetector: onRejected
05-16 14:22:28.803 23023 24734 W ProxyAndroidLoggerBackend: Too many Flogger logs received before configuration. Dropping old logs.
05-16 14:22:28.805 23023 24737 W ProxyAndroidLoggerBackend: Too many Flogger logs received before configuration. Dropping old logs.
05-16 14:22:28.805 23023 24734 W ProxyAndroidLoggerBackend: Too many Flogger logs received before configuration. Dropping old logs.
05-16 14:22:28.805 22428 22698 I AlwaysOnHotwordDetector: handle message 6
05-16 14:22:28.806 23023 24737 W ProxyAndroidLoggerBackend: Too many Flogger logs received before configuration. Dropping old logs.
05-16 14:22:28.806 22428 22700 I ekrq    : HDM. #onRejected
05-16 14:22:28.807 23023 24737 W ProxyAndroidLoggerBackend: Too many Flogger logs received before configuration. Dropping old logs.
05-16 14:22:28.807 23023 24737 W ProxyAndroidLoggerBackend: Too many Flogger logs received before configuration. Dropping old logs.
05-16 14:22:28.807 23023 24737 W ProxyAndroidLoggerBackend: Too many Flogger logs received before configuration. Dropping old logs.
05-16 14:22:28.808 22428 22700 I ekrq    : HDM. Hotword timeout.
05-16 14:22:28.808 22428 22700 I eksp    : (REDACTED) Hotword score : %f, Hotword model id : %s.
05-16 14:22:28.808 22428 22700 I eksp    : (REDACTED) Timeout reason %s, Coarse channel index %d.
05-16 14:22:28.808  1267 17928 D APM_AudioPolicyManager: releaseInput portId 14812
05-16 14:22:28.808  1267 17928 D APM_AudioPolicyManager: closeInput(11134)
05-16 14:22:28.809 22428 22700 I eksv    : onHotwordRejected called
05-16 14:22:28.809 22428 22701 I eksv    : (REDACTED) This is hotwordRejectionEventTimestamp: %s
05-16 14:22:28.809 22428 22699 I ekjn    : (REDACTED) HDM. Inside Sequencer. Try to start recognition again after %s
05-16 14:22:28.809 22428 22700 I ekjn    : (REDACTED) HDM. #onSodaStop received %s
05-16 14:22:28.809 22428 22699 I ekjn    : (REDACTED) HDM. getAllConfigAndTakeAction called because of %s
05-16 14:22:28.809 22428 22697 I ekjn    : (REDACTED) HDM. #onSodaStop inside sequentialExecutor %s
05-16 14:22:28.809 22428 22697 W ekjn    : (REDACTED) HDM. %s. Completer is null; It could be set earlier or we ware not waiting for the disconnect signal.
05-16 14:22:28.809  1162  4139 D AHAL: AudioStream: astream_dump: 674: dump function not implemented
05-16 14:22:28.810 22428 22697 I dvso    : (REDACTED) HDM event received: %s
05-16 14:22:28.810 22428 22697 I ekko    : (REDACTED) Operational mode passed in HotwordConfig is %s
05-16 14:22:28.810 22428 22697 I ekmh    : (REDACTED) No need to try to get the fallback locale. for keyphrase %s, locale %s
05-16 14:22:28.810 22428 22697 I ekmn    : (REDACTED) #getDspAvailableResult locale : %s, dsp locale : %s, keyphrase : %s, DSP keyphrase : %s, isKeyphraseAndLocaleSupported : %b, canUseDownloadDspModel : %b. forceUniversalDspHotwordModel : %b
05-16 14:22:28.810 22428 22697 W KeyphraseEnrollmentInfo: No enrollment application supports the given keyphrase/locale: 'Y Google'/pt_BR
05-16 14:22:28.811 22428 22697 I ekmn    : (REDACTED) isDspHotwordSupportedByPlatform = %s, isDspHotwordModelAvailable = %s
05-16 14:22:28.811 22428 22697 I ekrq    : (REDACTED) HDM. DSP hotword running %s
05-16 14:22:28.812 22428 22699 I ekjn    : (REDACTED) HDM. getAllConfigAndTakeAction dspAvailable: %b, disableDspInTest: %b
05-16 14:22:28.812  2431  3135 D Aurogon :  packageName = com.google.android.gms isAllowWakeUpList 
05-16 14:22:28.812 22428 22699 I ekhn    : (REDACTED) HDM. hotword enrollment state is enrolled:  %s, speakerId model exist: %s.
05-16 14:22:28.814 22428 22699 I ekhn    : (REDACTED) HDM. Hotword enrollment state : %s.
05-16 14:22:28.814 22428 22699 I ekjn    : HDM. Registering for screen on/off intent ...
05-16 14:22:28.814 22428 22699 I ekhn    : (REDACTED) HDM. Hotword enrollment state : %s.
05-16 14:22:28.814  1267 15087 D AudioFlinger: updateWakeLockUids_l AudioIn_2B7E uids:
05-16 14:22:28.814  1267 15087 V audio_utils::mutex: remove_from_registry: unregistered for 15087
05-16 14:22:28.815  1162  4139 D AHAL: AudioDevice: adev_close_input_stream: 765: Enter:stream_handle(0xb40000713cef0db0)
05-16 14:22:28.815  1162  4139 D AHAL: AudioDevice: adev_close_input_stream: 769: Exit
05-16 14:22:28.815 22428 22699 I ekko    : (REDACTED) Operational mode passed in HotwordConfig is %s
05-16 14:22:28.816 22428 22699 I ekhn    : (REDACTED) HDM. Hotword enrollment state : %s.
05-16 14:22:28.816 22428 22699 I ekkg    : (REDACTED) HDM. DefaultPersonalDecisionMaker#getNextAction. Voice match enabled: %b. incomplete enrollment state: %b, screen on: %b, screen locked: %b dsp available: %b
05-16 14:22:28.816 22428 22699 I ekkq    : (REDACTED) HDM. SharedDecisionMaker#getNextAction for requester %s, mode %s 
05-16 14:22:28.816 22428 22699 I ekkq    : HDM. #SharedDecisionMaker. NextAction.START
05-16 14:22:28.816 22428 22700 I dvow    : (REDACTED) Platform configuration for connection(%s) has changed(@%s):%s
05-16 14:22:28.816  1267 17928 V audio_utils::mutex: mutex_impl: audio_mutex initialized: ret:0  order:6
05-16 14:22:28.816 22428 22700 I dvms    : (REDACTED) On platform configuration update(@%s) in connection(%s).
05-16 14:22:28.817 22428 22702 I agvj    : (REDACTED) On platform configuration update(%s).
05-16 14:22:28.817 22428 22702 I agur    : Received ConfigurationUpdate from Triggering API
05-16 14:22:28.817  1267 17928 D ClientInfoStub: ~ClientInfoStub()
05-16 14:22:28.817  1267 17928 D ClientInfoStub: ~ClientInfoStub()
05-16 14:22:28.818  1267 17928 D ClientInfoStub: ~ClientInfoStub()
05-16 14:22:28.820 22428 22699 I ekid    : HDM. Reconfig not needed.
05-16 14:22:28.820 22428 22699 I ekjn    : (REDACTED) HDM. currentReconfigCheckerResult %s
05-16 14:22:28.820 22428 22699 I ekqj    : (REDACTED) #setSpeakerIdRequired: %s
05-16 14:22:28.820 22428 22699 I ekjn    : (REDACTED) HDM. Get the next action %s for requester %s.
05-16 14:22:28.820 22428 22699 I eksf    : HDM. Trusted hotword enabled for flag
05-16 14:22:28.820 22428 22699 I ekjn    : HDM. getDspTriggerNotificationRequirement
05-16 14:22:28.820 22428 22699 I ekjn    : (REDACTED) HDM. dspTriggerNotificationRequirement: %s
05-16 14:22:28.821 22428 22699 I eksf    : HDM. Trusted hotword enabled for flag
05-16 14:22:28.821 22428 22699 I ekia    : Starting trusted DSP hotword detection
05-16 14:22:28.821 22428 22699 I ekrq    : HDM. #setDspHotwordModel
05-16 14:22:28.821 22428 22699 I ekrq    : HDM. #startDspHotwordRecognition
05-16 14:22:28.821 22428 22699 I ekjn    : HDM. #handleStartHotwordDetectionResult
05-16 14:22:28.821 22428 22708 I ekrq    : (REDACTED) HDM. #setSpeakerIdRequired inside sequencer %b
05-16 14:22:28.821 22428 22699 I ekjn    : HDM. #handleStartHotwordDetectionResult: calling addDspHotwordPropertiesToRequestHandlingMetadata
05-16 14:22:28.821 22428 22699 I ekmn    : #addDspHotwordPropertiesToRequestHandlingMetadata
05-16 14:22:28.821 22428 22708 I ekrq    : HDM. No change in speaker-id requirement, so no need to update.
05-16 14:22:28.821 22428 22703 I ekrq    : HDM. #setDspHotwordModel inside sequencer.
05-16 14:22:28.822 22428 22637 I ekrq    : HDM. onHotwordDetectionServiceInitialized() already Called!
05-16 14:22:28.822 22428 22637 I ekrq    : HDM. #createAlwaysOnHotwordDetectorIfNecessary
05-16 14:22:28.822 22428 22637 I ekrq    : alwaysOnHotwordDetector already created and first onAvailabilityChanged called.
05-16 14:22:28.822 22428 22699 I ekmn    : (REDACTED) #addDspHotwordPropertiesToRequestHandlingMetadata: properties=%s
05-16 14:22:28.822 22428 22699 I ekmf    : HDM. #prepareDspModel
05-16 14:22:28.822 22428 22700 I ekmf    : HDM. #prepareDspModel inside ExecutionSequencer
05-16 14:22:28.822 22428 22700 I ekmf    : HDM. #prepareDspModel, already enrolled
05-16 14:22:28.823 22428 22708 I ekrq    : (REDACTED) dspModelEnrollmentResult: %s, currentDownloadedDspHotwordModel.isPresent(): %b, directDspModeOrRetryInProgress: %b
05-16 14:22:28.829  1162  4139 V sthal_SoundTriggerDevice: stdev_start_recognition: Enter
05-16 14:22:28.829  1162  4139 V sthal_SoundTriggerSession: StartRecognition: Enter, state = 2
05-16 14:22:28.829  1162  4139 I PAL: StreamSoundTrigger: setParameters: 528: Enter, param id 1
05-16 14:22:28.829  1162  4139 I PAL: StreamSoundTrigger: ProcessEvent: 3291: StLoaded: handle event 2 for stream instance 1
05-16 14:22:28.829  1162  4139 I PAL: StreamSoundTrigger: SendRecognitionConfig: 1550: Enter
05-16 14:22:28.829  1162  4139 I PAL: StreamSoundTrigger: SendRecognitionConfig: 1696: history buf len = 2000, preroll len = 0, read delay = 2000
05-16 14:22:28.829  1162  4139 I PAL: SoundTriggerEngineGsl: UpdateBufConfig: 2452: updated hist buf:2000 msec, pre roll:0 msec
05-16 14:22:28.829  1162  4139 I PAL: StreamSoundTrigger: SendRecognitionConfig: 1719: updated hist buf len = 2000, preroll len = 0 in gsl engine
05-16 14:22:28.829  1162  4139 I PAL: SoundTriggerEngineGsl: UpdateConfLevels: 2418: Exit, status 0
05-16 14:22:28.829  1162  4139 I PAL: SoundTriggerEngineGsl: SetCaptureRequested: 2759: capture requested 1, set to engine 1
05-16 14:22:28.829  1162  4139 I PAL: StreamSoundTrigger: SendRecognitionConfig: 1808: Exit, status 0
05-16 14:22:28.829  1162  4139 I PAL: StreamSoundTrigger: setParameters: 576: Exit, status 0
05-16 14:22:28.829  1162  4139 I PAL: API: pal_stream_start: 290: Enter. Stream handle 0xb40000713ceec460K
05-16 14:22:28.829  1162  4139 I PAL: StreamSoundTrigger: start: 326: Enter, stream direction 2
05-16 14:22:28.829  1162  4139 I PAL: StreamSoundTrigger: ProcessEvent: 3291: StLoaded: handle event 3 for stream instance 1
05-16 14:22:28.830  1162  4139 I PAL: StreamSoundTrigger: GetCurrentCaptureProfile: 2938: cap_prof SINGLE_MIC_16KHZ_16BIT_RAW_LPI: dev_id=0x15, chs=1, sr=16000, snd_name=va-mic-mono, ec_ref=0
05-16 14:22:28.830  1162  4139 I PAL: Device: setDeviceAttributes: 335: DeviceAttributes for Device Id 35 updated
05-16 14:22:28.830  1162  4139 I PAL: Device: open: 405: Enter. deviceCount 0 for device id 35 (PAL_DEVICE_IN_HANDSET_VA_MIC)
05-16 14:22:28.830  1162  4139 I PAL: SessionAlsaUtils: setDeviceMediaConfig: 969: CODEC_DMA-LPAIF_VA-TX-0 rate ch fmt data_fmt 16000 1 2 1
05-16 14:22:28.830  1162  4139 D audio_route: Apply path: va-mic-mono
05-16 14:22:28.845  2431  5382 D Aurogon :  packageName = com.google.android.gms isAllowWakeUpList 
05-16 14:22:28.847  2431  5382 D Aurogon :  packageName = com.google.android.gms isAllowWakeUpList 
05-16 14:22:28.852  1162  4139 E PAL: Device: open: 452: Exit. deviceCount 1 for device id 35 (PAL_DEVICE_IN_HANDSET_VA_MIC), exit status: 0
05-16 14:22:28.853  1162  4139 E PAL: Device: open: 460: [open] deviceAttr.id:[35] ,deviceCount:[1] 
05-16 14:22:28.853  1162  4139 I PAL: StreamSoundTrigger: ProcessEvent: 3436: Start device 35-PAL_DEVICE_IN_HANDSET_VA_MIC
05-16 14:22:28.853  1162  4139 I PAL: SessionAlsaUtils: setDeviceMediaConfig: 969: CODEC_DMA-LPAIF_VA-TX-0 rate ch fmt data_fmt 16000 1 2 1
05-16 14:22:28.853  1162  4139 I PAL: StreamSoundTrigger: ProcessEvent: 3447: device started
05-16 14:22:28.853  1162  4139 I PAL: SoundTriggerEngineGsl: StartRecognition: 2033: Enter
05-16 14:22:28.853  1162  4139 I PAL: SoundTriggerEngineGsl: ProcessStartRecognition: 1955: Enter
05-16 14:22:28.853  1162  4139 I PAL: ResourceManager: acquireWakeLock: 999: Acquiring wake lock audio_pal_wl
05-16 14:22:28.853  1162  4139 I PAL: SoundTriggerEngineGsl: UpdateSessionPayload: 2863: Enter, param : 3
05-16 14:22:28.853  1162  4139 I PAL: PayloadBuilder: payloadSVAConfig: 1447: PID 0x8001044, payload 0xb40000701cf52df0K size 24
05-16 14:22:28.853  1162  4139 D AGM: graph: graph_set_config: 1146 entry graph_handle 0x47534c
05-16 14:22:28.853  1162  4139 I gsl     : gsl_send_spf_cmd:157 sending pkt with token 0x1ef4f, opcode 0x1001006
05-16 14:22:28.854  1162  4139 I gsl     : gsl_send_spf_cmd:185 rcvd pkt token : 0x1ef4f
05-16 14:22:28.854  1162  4139 D AGM: graph: graph_set_config: 1154 exit, graph handle 0x47534c, ret 0
05-16 14:22:28.854  1162  4139 I PAL: SoundTriggerEngineGsl: UpdateConfigs: 1946: Exit, status 0
05-16 14:22:28.854  1162  4139 E PAL: ResourceManager: voteSleepMonitor: 1410: ioctl device is not open
05-16 14:22:28.855  1162  4139 I gsl     : gsl_send_spf_cmd:157 sending pkt with token 0x1ef50, opcode 0x100100e
05-16 14:22:28.855  1162  4139 I gsl     : gsl_send_spf_cmd:185 rcvd pkt token : 0x1ef50
05-16 14:22:28.855  1162  4139 D AGM: graph: graph_prepare: 847 entry graph_handle 0x47534c
05-16 14:22:28.855  1162  4139 D AGM: graph_module: configure_hw_ep_media_config: 673 entry mod tag c0000005 miid 43d4 mid 7001024
05-16 14:22:28.856  1162  4139 D AGM: graph_module: configure_hw_ep_media_config: 703 rate 16000 bw 16 ch 1, data_fmt 1
05-16 14:22:28.856  1162  4139 I gsl     : gsl_send_spf_cmd:157 sending pkt with token 0x1ef51, opcode 0x1001006
05-16 14:22:28.856  1162  4139 I gsl     : gsl_send_spf_cmd:185 rcvd pkt token : 0x1ef51
05-16 14:22:28.856  1162  4139 D AGM: graph_module: configure_hw_ep_media_config: 713 exit, ret 0
05-16 14:22:28.856  1162  4139 D AGM: graph_module: configure_codec_dma_ep: 286 cdc_dma intf cfg lpaif 3 indx 1 ch_msk 1
05-16 14:22:28.856  1162  4139 I gsl     : gsl_send_spf_cmd:157 sending pkt with token 0x1ef52, opcode 0x1001006
05-16 14:22:28.857  1162  4139 I gsl     : gsl_send_spf_cmd:185 rcvd pkt token : 0x1ef52
05-16 14:22:28.857  1162  4139 D AGM: graph_module: configure_codec_dma_ep: 301 exit, ret 0
05-16 14:22:28.857  1162  4139 D AGM: graph: configure_buffer_params: 196 configure buf params already done
05-16 14:22:28.857  1162  4139 I gsl     : gsl_send_spf_cmd:157 sending pkt with token 0x1ef53, opcode 0x1001001
05-16 14:22:28.859  1162  4139 I gsl     : gsl_send_spf_cmd:185 rcvd pkt token : 0x1ef53
05-16 14:22:28.859  1162  4139 D AGM: graph: graph_prepare: 925 exit, ret 0
05-16 14:22:28.859  1162  4139 D AGM: session: session_start: 1095 configuring device early - for SLIMBUS EPs
05-16 14:22:28.859  1162  4139 D AGM: device: device_prepare: 401 PCM device 11 already in prepare state
05-16 14:22:28.859  1162  4139 D AGM: graph: graph_start: 939 entry graph_handle 0x47534c
05-16 14:22:28.859  1162  4139 I gsl     : gsl_send_spf_cmd:157 sending pkt with token 0x1ef54, opcode 0x1001002
05-16 14:22:28.862  1162  4139 I gsl     : gsl_send_spf_cmd:185 rcvd pkt token : 0x1ef54
05-16 14:22:28.862  1162  4139 D AGM: graph: graph_start: 951 exit, ret 0
05-16 14:22:28.862  1162  4139 D PLUGIN: pcm: agm_pcm_plugin_reset: 431 agm_pcm_plugin_reset: reset hw_ptr to 0 
05-16 14:22:28.862  1162  4139 I PAL: SoundTriggerEngineGsl: UpdateState: 1550: Engine state transitioned from 1 to 2
05-16 14:22:28.862  1162  4139 I PAL: ResourceManager: releaseWakeLock: 1021: Releasing wake lock audio_pal_wl
05-16 14:22:28.862  1162  4139 I PAL: SoundTriggerEngineGsl: ProcessStartRecognition: 2026: Exit, status 0
05-16 14:22:28.862  1162  4139 I PAL: StreamSoundTrigger: TransitTo: 2973: Stream instance 1: state transitioned from ST_STATE_LOADED to ST_STATE_ACTIVE
05-16 14:22:28.862  1162  4139 I PAL: StreamSoundTrigger: start: 347: Exit, status 0
05-16 14:22:28.862  1162  4139 I PAL: API: pal_stream_start: 326: Exit. status 0
05-16 14:22:28.862  1162  4139 D sthal_SoundTriggerSession: RegisterHalEvent:[c24] ST_EVENT_SESSION_REGISTER capture_handle 11134
05-16 14:22:28.862  1162  4139 V sthal_SoundTriggerSession: StartRecognition: Exit, status = 0
05-16 14:22:28.862  1162  4139 V sthal_SoundTriggerDevice: stdev_start_recognition: Exit, status = 0
05-16 14:22:28.862  2431  3135 I SoundTriggerMiddlewareLogging: START_RECOGNITION (24, RecognitionConfig{captureRequested: true, phraseRecognitionExtras: [PhraseRecognitionExtra{id: 101, recognitionModes: 1, confidenceLevel: 0, levels: []}], audioCapabilities: 0, data: []}) -> android.os.Binder@c2437be
05-16 14:22:28.862  2431  3135 I SoundTriggerHelper: startRecognition successful.
05-16 14:22:28.863 22428 22708 I ekrq    : HDM. Start DSP hotword detection successfully.
05-16 14:22:28.863 22428 22703 I ekjn    : HDM. Hotword started successfully.
05-16 14:22:28.864 22428 22703 I dvso    : (REDACTED) HDM event received: %s
05-16 14:22:28.864 22428 22703 I ekjn    : HDM. after notify apa
05-16 14:22:28.866 22428 22703 I ekjn    : HDM. #logRequestHandlingNonErrorEndEvent. Reset requestIdOfFirstError, firstStartErrorCausesRetry and numOfRetriesDoneForHotwordDetectorStartErrors!
05-16 14:22:28.866 22428 22700 I dvow    : (REDACTED) Platform configuration for connection(%s) has changed(@%s):%s
05-16 14:22:28.866 22428 22700 I dvms    : (REDACTED) On platform configuration update(@%s) in connection(%s).
05-16 14:22:28.867 22428 22700 I agvj    : (REDACTED) On platform configuration update(%s).
05-16 14:22:28.867 22428 22700 I agur    : Received ConfigurationUpdate from Triggering API
05-16 14:22:28.899 15040 15099 I WebViewFactory: Loading com.google.android.webview version 147.0.7727.137 (code 772713703)
05-16 14:22:28.904  2431  2941 I SmartPower: com.miui.home/10139(12238): background->idle(3001ms) R(become background) adj=0.
05-16 14:22:28.905 15040 15099 D ApplicationLoaders: Returning zygote-cached class loader: /system/framework/android.test.base.jar
05-16 14:22:28.905 15040 15099 D ApplicationLoaders: Returning zygote-cached class loader: /system_ext/framework/androidx.window.extensions.jar
05-16 14:22:28.908 15040 15099 W sinalseguro.app: Loading /data/app/~~BCCyPTmkv-HiqdD6iu5v7g==/com.google.android.webview-UbH5LmrA78UsZ951HKH_3w==/oat/arm64/base.odex non-executable as it requires an image which we failed to load
05-16 14:22:28.911 15040 15099 D nativeloader: Configuring clns-8 for other apk /data/app/~~BCCyPTmkv-HiqdD6iu5v7g==/com.google.android.webview-UbH5LmrA78UsZ951HKH_3w==/base.apk. target_sdk_version=36, uses_libraries=, library_path=/data/app/~~BCCyPTmkv-HiqdD6iu5v7g==/com.google.android.webview-UbH5LmrA78UsZ951HKH_3w==/lib/arm64:/data/app/~~BCCyPTmkv-HiqdD6iu5v7g==/com.google.android.webview-UbH5LmrA78UsZ951HKH_3w==/base.apk!/lib/arm64-v8a, permitted_path=/data:/mnt/expand
05-16 14:22:28.913  2431  2941 I SmartPower: com.google.android.googlequicksearchbox:search/10156(31159): background->idle(3008ms) R(become background) adj=250.
05-16 14:22:28.914  2431  2941 I SmartPower: com.google.android.googlequicksearchbox:googleapp/10156(32292): background->idle(3009ms) R(become background) adj=0.
05-16 14:22:28.916 15040 15040 D VRI[MainActivity]: vri.Setup new sync=wmsSync-VRI[MainActivity]#0
05-16 14:22:28.920 15040 15040 D UserSceneDetector: invoke error.
05-16 14:22:28.933 15040 15101 D nativeloader: Load /data/app/~~xuwSglT3Ta47th9wdtIk0w==/br.com.sinalseguro.app-ul6zL1-Z7Vx9uDGoEW0lPA==/base.apk!/lib/arm64-v8a/libimagepipeline.so using class loader ns clns-7 (caller=/data/app/~~xuwSglT3Ta47th9wdtIk0w==/br.com.sinalseguro.app-ul6zL1-Z7Vx9uDGoEW0lPA==/base.apk!classes21.dex): ok
05-16 14:22:28.945 15040 15067 D HWUI    : makeCurrent grContext:0xb40000780ce598b0 reset mTextureAvailable
05-16 14:22:28.948 15040 15099 I cr_WVCFactoryProvider: version=147.0.7727.137 (772713703) minSdkVersion=29 multiprocess=true packageId=127 splits=<none>
05-16 14:22:28.950 15040 15067 D sinalseguro.app: MiuiProcessManagerServiceStub setSchedFifo
05-16 14:22:28.950 15040 15067 I MiuiProcessManagerImpl: setSchedFifo pid:15040, mode:3
05-16 14:22:28.951  2431  5382 D ProcessManager: beginSchedThreads is not Enabled
05-16 14:22:28.960 15040 15099 D nativeloader: Load /data/app/~~BCCyPTmkv-HiqdD6iu5v7g==/com.google.android.webview-UbH5LmrA78UsZ951HKH_3w==/base.apk!/lib/arm64-v8a/libwebviewchromium.so using class loader ns clns-8 (caller=/data/app/~~BCCyPTmkv-HiqdD6iu5v7g==/com.google.android.webview-UbH5LmrA78UsZ951HKH_3w==/base.apk): ok
05-16 14:22:28.965 15040 15099 D nativeloader: Load /system/lib64/libwebviewchromium_plat_support.so using class loader ns clns-8 (caller=/data/app/~~BCCyPTmkv-HiqdD6iu5v7g==/com.google.android.webview-UbH5LmrA78UsZ951HKH_3w==/base.apk): ok
05-16 14:22:28.971 15040 15109 I chromium: [0516/142228.969592:INFO:android_webview/browser/variations/variations_seed_loader.cc:67] Failed to open file for reading.: No such file or directory (2)
05-16 14:22:28.972 15040 15109 I chromium: [0516/142228.972192:INFO:android_webview/browser/variations/variations_seed_loader.cc:67] Failed to open file for reading.: No such file or directory (2)
05-16 14:22:28.973 15040 15067 E LB      : fail to open file: No such file or directory
05-16 14:22:28.973 15040 15067 E LB      : fail to open node: No such file or directory
05-16 14:22:28.973 15040 15067 E LB      : fail to open node: No such file or directory
05-16 14:22:28.978 15040 15040 D VRI[MainActivity]: vri.reportDrawFinished
05-16 14:22:28.979  2431  5382 D WindowManager: wms.finishDrawingLocked: mDrawState=COMMIT_DRAW_PENDING Window{38db712 u0 br.com.sinalseguro.app/br.com.sinalseguro.app.MainActivity} in Surface(name=br.com.sinalseguro.app/br.com.sinalseguro.app.MainActivity#73121)/@0xd65166a
05-16 14:22:28.981  2431  2473 I WindowManager: onFirstWindowDrawn, try to remove startingWindow. this = ActivityRecord{eb97b33 u0 br.com.sinalseguro.app/.MainActivity t887} associatedTask = null isMainWindow = true mStartingWindow = Window{6ac14dd u0 Splash Screen br.com.sinalseguro.app} mStartingData = SplashScreenStartingData{dcd53fa waitForSyncTransactionCommit=false removeAfterTransaction= 0}
05-16 14:22:28.983  2431  2473 I SmartPower: Miui monitor launch : br.com.sinalseguro.app/.MainActivity  transitionTime:163  launchTime:3858  launchFrom:com.android.shell  launchType:1
05-16 14:22:28.984  1272  1272 E MI-SF   : MiSurfaceFlingerImpl.cpp.vsyncId=460388414, oldVsyncId=460388406, layerName=br.com.sinalseguro.app/br.com.sinalseguro.app.MainActivity#73121
05-16 14:22:28.984  1272  1272 E MI-SF   : MiSurfaceFlingerImpl.cpp.vsyncId=460388414, mIsContainTask1=0, mIsContainTaskOther=0
05-16 14:22:28.985  1272  1272 E SurfaceFlinger: MiSurfaceFlingerStub isAnimationScene
05-16 14:22:28.991  2431  2450 I ActivityTaskManager: Displayed br.com.sinalseguro.app/.MainActivity for user 0: +3s858ms
05-16 14:22:28.993  3253 23089 W DynamicDDSService: appName is not found in cache: com.miui.home
05-16 14:22:28.994 12238 12238 D OnLongClickAgent: reset:   removeMessages MSG_LONG_CLICK
05-16 14:22:28.994 12238 12238 D OnLongClickAgent: reset:   removeMessages MSG_LONG_CLICK
05-16 14:22:28.994 12238 12238 D OnLongClickAgent: reset:   removeMessages MSG_LONG_CLICK
05-16 14:22:28.994  2431  2473 I WindowManager: wms.showSurfaceRobustly mWin:Window{38db712 u0 br.com.sinalseguro.app/br.com.sinalseguro.app.MainActivity}
05-16 14:22:28.994 12238 12238 D OnLongClickAgent: reset:   removeMessages MSG_LONG_CLICK
05-16 14:22:28.994 12238 12238 D OnLongClickAgent: reset:   removeMessages MSG_LONG_CLICK
05-16 14:22:28.994 12238 12238 D OnLongClickAgent: reset:   removeMessages MSG_LONG_CLICK
05-16 14:22:28.994 12238 12238 D OnLongClickAgent: reset:   removeMessages MSG_LONG_CLICK
05-16 14:22:28.994 12238 12238 D OnLongClickAgent: reset:   removeMessages MSG_LONG_CLICK
05-16 14:22:28.994 12238 12238 D OnLongClickAgent: reset:   removeMessages MSG_LONG_CLICK
05-16 14:22:28.994 12238 12238 D OnLongClickAgent: reset:   removeMessages MSG_LONG_CLICK
05-16 14:22:28.994 12238 12238 D OnLongClickAgent: reset:   removeMessages MSG_LONG_CLICK
05-16 14:22:28.995 12238 12238 D OnLongClickAgent: reset:   removeMessages MSG_LONG_CLICK
05-16 14:22:28.995 12238 12238 D OnLongClickAgent: reset:   removeMessages MSG_LONG_CLICK
05-16 14:22:28.995 12238 12238 D OnLongClickAgent: reset:   removeMessages MSG_LONG_CLICK
05-16 14:22:28.995 12238 12238 D OnLongClickAgent: reset:   removeMessages MSG_LONG_CLICK
05-16 14:22:28.995 12238 12238 D OnLongClickAgent: reset:   removeMessages MSG_LONG_CLICK
05-16 14:22:28.995 12238 12238 D OnLongClickAgent: reset:   removeMessages MSG_LONG_CLICK
05-16 14:22:28.995 12238 12238 D OnLongClickAgent: reset:   removeMessages MSG_LONG_CLICK
05-16 14:22:28.995 12238 12238 D OnLongClickAgent: reset:   removeMessages MSG_LONG_CLICK
05-16 14:22:28.995 12238 12238 D OnLongClickAgent: reset:   removeMessages MSG_LONG_CLICK
05-16 14:22:28.995 12238 12238 D OnLongClickAgent: reset:   removeMessages MSG_LONG_CLICK
05-16 14:22:28.995 12238 12238 D OnLongClickAgent: reset:   removeMessages MSG_LONG_CLICK
05-16 14:22:28.995 12238 12238 D OnLongClickAgent: reset:   removeMessages MSG_LONG_CLICK
05-16 14:22:28.995 12238 12238 D OnLongClickAgent: reset:   removeMessages MSG_LONG_CLICK
05-16 14:22:28.995 12238 12238 D OnLongClickAgent: reset:   removeMessages MSG_LONG_CLICK
05-16 14:22:28.995 12238 12238 D OnLongClickAgent: reset:   removeMessages MSG_LONG_CLICK
05-16 14:22:28.995 12238 12238 D OnLongClickAgent: reset:   removeMessages MSG_LONG_CLICK
05-16 14:22:28.995 12238 12238 D OnLongClickAgent: reset:   removeMessages MSG_LONG_CLICK
05-16 14:22:28.995 12238 12238 D OnLongClickAgent: reset:   removeMessages MSG_LONG_CLICK
05-16 14:22:28.995 12238 12238 D OnLongClickAgent: reset:   removeMessages MSG_LONG_CLICK
05-16 14:22:28.995 12238 12238 D OnLongClickAgent: reset:   removeMessages MSG_LONG_CLICK
05-16 14:22:28.995 12238 12238 D OnLongClickAgent: reset:   removeMessages MSG_LONG_CLICK
05-16 14:22:28.995 15040 15099 I cr_LibraryLoader: Successfully loaded native library
05-16 14:22:28.995 12238 12238 D OnLongClickAgent: reset:   removeMessages MSG_LONG_CLICK
05-16 14:22:28.995 12238 12238 D OnLongClickAgent: reset:   removeMessages MSG_LONG_CLICK
05-16 14:22:28.995 12238 12238 D OnLongClickAgent: reset:   removeMessages MSG_LONG_CLICK
05-16 14:22:28.995 12238 12238 D OnLongClickAgent: reset:   removeMessages MSG_LONG_CLICK
05-16 14:22:28.995 12238 12238 D OnLongClickAgent: reset:   removeMessages MSG_LONG_CLICK
05-16 14:22:28.995 12238 12238 D OnLongClickAgent: reset:   removeMessages MSG_LONG_CLICK
05-16 14:22:28.995 12238 12238 D OnLongClickAgent: reset:   removeMessages MSG_LONG_CLICK
05-16 14:22:28.995 12238 12238 D OnLongClickAgent: reset:   removeMessages MSG_LONG_CLICK
05-16 14:22:28.995 12238 12238 D OnLongClickAgent: reset:   removeMessages MSG_LONG_CLICK
05-16 14:22:28.995 12238 12238 D OnLongClickAgent: reset:   removeMessages MSG_LONG_CLICK
05-16 14:22:28.995 12238 12238 D OnLongClickAgent: reset:   removeMessages MSG_LONG_CLICK
05-16 14:22:28.995 12238 12238 D OnLongClickAgent: reset:   removeMessages MSG_LONG_CLICK
05-16 14:22:28.995 12238 12238 D OnLongClickAgent: reset:   removeMessages MSG_LONG_CLICK
05-16 14:22:28.995 12238 12238 D OnLongClickAgent: reset:   removeMessages MSG_LONG_CLICK
05-16 14:22:28.995 12238 12238 D OnLongClickAgent: reset:   removeMessages MSG_LONG_CLICK
05-16 14:22:28.995 12238 12238 D OnLongClickAgent: reset:   removeMessages MSG_LONG_CLICK
05-16 14:22:28.996 12238 12238 D OnLongClickAgent: reset:   removeMessages MSG_LONG_CLICK
05-16 14:22:28.996 12238 12238 D OnLongClickAgent: reset:   removeMessages MSG_LONG_CLICK
05-16 14:22:28.996 12238 12238 D OnLongClickAgent: reset:   removeMessages MSG_LONG_CLICK
05-16 14:22:28.997 12238 12238 D OnLongClickAgent: reset:   removeMessages MSG_LONG_CLICK
05-16 14:22:28.997 12238 12238 D OnLongClickAgent: reset:   removeMessages MSG_LONG_CLICK
05-16 14:22:28.997 12238 12238 D OnLongClickAgent: reset:   removeMessages MSG_LONG_CLICK
05-16 14:22:28.997 12238 12238 D OnLongClickAgent: reset:   removeMessages MSG_LONG_CLICK
05-16 14:22:28.997 12238 12238 D OnLongClickAgent: reset:   removeMessages MSG_LONG_CLICK
05-16 14:22:28.997 12238 12238 D OnLongClickAgent: reset:   removeMessages MSG_LONG_CLICK
05-16 14:22:28.997 12238 12238 D OnLongClickAgent: reset:   removeMessages MSG_LONG_CLICK
05-16 14:22:28.997 12238 12238 D OnLongClickAgent: reset:   removeMessages MSG_LONG_CLICK
05-16 14:22:28.997 12238 12238 D OnLongClickAgent: reset:   removeMessages MSG_LONG_CLICK
05-16 14:22:28.997 12238 12238 D OnLongClickAgent: reset:   removeMessages MSG_LONG_CLICK
05-16 14:22:28.998 15040 15099 I cr_CachingUmaRecorder: Flushed 18 samples from 18 histograms, 0 samples were dropped.
05-16 14:22:29.001  1272  1272 E MI-SF   : MiSurfaceFlingerImpl.cpp.vsyncId=460389612, oldVsyncId=460388414, layerName=6ac14dd Splash Screen br.com.sinalseguro.app#73114
05-16 14:22:29.001  1272  1272 E MI-SF   : MiSurfaceFlingerImpl.cpp.vsyncId=460389612, mIsContainTask1=0, mIsContainTaskOther=0
05-16 14:22:29.001  1272  1272 E MI-SF   : MiSurfaceFlingerImpl.cpp.vsyncId=460389612, oldVsyncId=460389612, layerName=38db712 br.com.sinalseguro.app/br.com.sinalseguro.app.MainActivity#73120
05-16 14:22:29.001  1272  1272 E MI-SF   : MiSurfaceFlingerImpl.cpp.vsyncId=460389612, mIsContainTask1=0, mIsContainTaskOther=0
05-16 14:22:29.001  1272  1272 E MI-SF   : MiSurfaceFlingerImpl.cpp.vsyncId=460389612, oldVsyncId=460389612, layerName=br.com.sinalseguro.app/br.com.sinalseguro.app.MainActivity#73121
05-16 14:22:29.001  1272  1272 E MI-SF   : MiSurfaceFlingerImpl.cpp.vsyncId=460389612, mIsContainTask1=0, mIsContainTaskOther=0
05-16 14:22:29.002  1272  1272 E SurfaceFlinger: MiSurfaceFlingerStub isAnimationScene
05-16 14:22:29.002 12238 12238 D Launcher.Lifecycle: onStop:UserHandle{0},2e431c9,false
05-16 14:22:29.002 12238 12238 D UninstallDialogWrapper: mUninstallDialogShowing != isShowfalse, mUninstallDialogShowingfalse,isShowfalse
05-16 14:22:29.003 12238 12238 D SoscSplitStateController: updateDividerFixedState: isFixed = false
05-16 14:22:29.003 12238 12238 D Launcher_UnlockAnimationStateMachine: onStop = IDLE
05-16 14:22:29.005 32259 32462 D SoScSplitScreenController: updateDividerFixedState isFixed:false
05-16 14:22:29.007 12238 12238 D LauncherAssistantCompatGoogle: onStop com.google.android.libraries.gsa.launcherclient.LauncherClient@6647b29
05-16 14:22:29.010  1272  1272 I MI-SF   : surfaceflinger setAffinity mode=1
05-16 14:22:29.010  1272  1272 E MI-SF   : surfaceflinger setAffinity success
05-16 14:22:29.010  1272  1272 I MI-SF   : surfaceflinger setreAffinity reTid=1543
05-16 14:22:29.010  1272  1272 E MI-SF   : surfaceflinger setAffinity success
05-16 14:22:29.011  1272  1272 E MI-SF   : MiSurfaceFlingerImpl.cpp.vsyncId=460389634, oldVsyncId=460389612, layerName=Display 0 name="Tela integrada"#59854
05-16 14:22:29.011  1272  1272 E MI-SF   : MiSurfaceFlingerImpl.cpp.vsyncId=460389634, mIsContainTask1=0, mIsContainTaskOther=0
05-16 14:22:29.011  1272  1272 E MI-SF   : MiSurfaceFlingerImpl.cpp.vsyncId=460389634, oldVsyncId=460389634, layerName=Surface(name=6ac14dd Splash Screen br.com.sinalseguro.app#73114)/@0x2d79723 - animation-leash of starting_reveal#73124
05-16 14:22:29.011  1272  1272 E MI-SF   : MiSurfaceFlingerImpl.cpp.vsyncId=460389634, mIsContainTask1=0, mIsContainTaskOther=0
05-16 14:22:29.011  1272  1272 E MI-SF   : MiSurfaceFlingerImpl.cpp.vsyncId=460389634, oldVsyncId=460389634, layerName=6ac14dd Splash Screen br.com.sinalseguro.app#73114
05-16 14:22:29.011  1272  1272 E MI-SF   : MiSurfaceFlingerImpl.cpp.vsyncId=460389634, mIsContainTask1=0, mIsContainTaskOther=0
05-16 14:22:29.011  1272  1272 E MI-SF   : MiSurfaceFlingerImpl.cpp.vsyncId=460389634, oldVsyncId=460389634, layerName=br.com.sinalseguro.app/br.com.sinalseguro.app.MainActivity#73121
05-16 14:22:29.011  1272  1272 E MI-SF   : MiSurfaceFlingerImpl.cpp.vsyncId=460389634, mIsContainTask1=0, mIsContainTaskOther=0
05-16 14:22:29.012  1272  1272 E SurfaceFlinger: MiSurfaceFlingerStub isAnimationScene
05-16 14:22:29.016  1272  1272 I MI-SF   : surfaceflinger setAffinity mode=0
05-16 14:22:29.017  2431  2719 I MiuiNetworkPolicy: updateUidState uid = 99101, uidState = 4
05-16 14:22:29.017  2431  2719 I MiuiNetworkPolicy: updateUidState uid = 10156, uidState = 5
05-16 14:22:29.017  1272  1272 E MI-SF   : surfaceflinger setAffinity success
05-16 14:22:29.018  1272  1272 E MI-SF   : MiSurfaceFlingerImpl.cpp.vsyncId=460389642, oldVsyncId=460389634, layerName=br.com.sinalseguro.app/br.com.sinalseguro.app.MainActivity#73121
05-16 14:22:29.018  1272  1272 E MI-SF   : MiSurfaceFlingerImpl.cpp.vsyncId=460389642, mIsContainTask1=0, mIsContainTaskOther=0
05-16 14:22:29.019  1272  1272 E SurfaceFlinger: MiSurfaceFlingerStub isAnimationScene
05-16 14:22:29.020  4002  4033 D LauncherOverlay: setActivityState:0
05-16 14:22:29.020 12238 12238 E Launcher.application: setClickAppWaitForCallback = false
05-16 14:22:29.021  4002  4002 I LauncherOverlayCallback: handleMessage WHAT_ACTIVITY_STATE_CHANGED what：0
05-16 14:22:29.021  4002  4002 D LauncherOverlay.Window: onStop
05-16 14:22:29.022 32292 32292 I byee    : onStop
05-16 14:22:29.025  4002  4002 I LauncherOverlayCallback: handleMessage WHAT_LAUNCHER_STATE what：0
05-16 14:22:29.025  4002  4002 D LauncherOverlay.Window: launcherState 0
05-16 14:22:29.025  4002  4002 D LauncherOverlay.Window: resumedStateNow 0,resumedStateNew = 0
05-16 14:22:29.030 15040 15040 I HandWritingStubImpl: refreshLastKeyboardType: 1
05-16 14:22:29.030 12238 12238 D ActivityThread: Fail to check app heapsize due to java.lang.NoSuchMethodException: dalvik.system.VMRuntime.getBlockingGcCountForAlloc []
05-16 14:22:29.031 15040 15040 I HandWritingStubImpl: getCurrentKeyboardType: 1
05-16 14:22:29.034  1272  1272 E MI-SF   : MiSurfaceFlingerImpl.cpp.vsyncId=460389657, oldVsyncId=460389642, layerName=br.com.sinalseguro.app/br.com.sinalseguro.app.MainActivity#73121
05-16 14:22:29.034  1272  1272 E MI-SF   : MiSurfaceFlingerImpl.cpp.vsyncId=460389657, mIsContainTask1=0, mIsContainTaskOther=0
05-16 14:22:29.034  1272  1272 E SurfaceFlinger: MiSurfaceFlingerStub isAnimationScene
05-16 14:22:29.037  2431  2698 I ImeTracker: br.com.sinalseguro.app:48976f1d: onRequestHide at ORIGIN_SERVER reason HIDE_UNSPECIFIED_WINDOW fromUser false
05-16 14:22:29.037  2431  2698 I ImeTracker: br.com.sinalseguro.app:48976f1d: onCancelled at PHASE_SERVER_SHOULD_HIDE
05-16 14:22:29.040 10343 14499 D MirrorManager:  sendAcceptInput 0 0
05-16 14:22:29.050  1272  1272 E MI-SF   : MiSurfaceFlingerImpl.cpp.vsyncId=460389665, oldVsyncId=460389657, layerName=br.com.sinalseguro.app/br.com.sinalseguro.app.MainActivity#73121
05-16 14:22:29.050  1272  1272 E MI-SF   : MiSurfaceFlingerImpl.cpp.vsyncId=460389665, mIsContainTask1=0, mIsContainTaskOther=0
05-16 14:22:29.051  1272  1272 E MI-SF   : MiSurfaceFlingerImpl.cpp.vsyncId=460389665, oldVsyncId=460389665, layerName=GoogleDiscoverWindow#73102
05-16 14:22:29.051  1272  1272 E MI-SF   : MiSurfaceFlingerImpl.cpp.vsyncId=460389665, mIsContainTask1=0, mIsContainTaskOther=0
05-16 14:22:29.051  1272  1272 E MI-SF   : MiSurfaceFlingerImpl.cpp.vsyncId=460389665, oldVsyncId=460389665, layerName=com.miui.home/com.miui.home.launcher.Launcher#73103
05-16 14:22:29.051  1272  1272 E MI-SF   : MiSurfaceFlingerImpl.cpp.vsyncId=460389665, mIsContainTask1=0, mIsContainTaskOther=0
05-16 14:22:29.052  1272  1272 E SurfaceFlinger: MiSurfaceFlingerStub isAnimationScene
05-16 14:22:29.052  2431  2470 D Aurogon :  uid = 10139 switch to BG
05-16 14:22:29.053  6707 19247 D PMonitor:  onProcessDied:pid = 12238,died-uid=10139
05-16 14:22:29.055  2431  2873 D Aurogon :  onForegroundActivitiesChanged packageName = com.miui.home
05-16 14:22:29.059  1272  1272 E MI-SF   : MiSurfaceFlingerImpl.cpp.vsyncId=460389673, oldVsyncId=460389665, layerName=6ac14dd Splash Screen br.com.sinalseguro.app#73114
05-16 14:22:29.059  1272  1272 E MI-SF   : MiSurfaceFlingerImpl.cpp.vsyncId=460389673, mIsContainTask1=0, mIsContainTaskOther=0
05-16 14:22:29.061  1272  1272 E SurfaceFlinger: MiSurfaceFlingerStub isAnimationScene
05-16 14:22:29.061  6534  6534 I GoogleInputMethodService: GoogleInputMethodService.onFinishInput():2259 
05-16 14:22:29.064  6534  6534 I Module  : DeviceLockedStatusModuleProvider$Module.updateDeviceLockedStatus():103 repeatCheckTimes = 0, locked = false
05-16 14:22:29.065  6534  6534 I GoogleInputMethodService: GoogleInputMethodService.onStartInput():1446 onStartInput(EditorInfo{EditorInfo{packageName=br.com.sinalseguro.app, inputType=0, inputTypeString=NULL, enableLearning=false, autoCorrection=false, autoComplete=false, imeOptions=0, privateImeOptions=null, actionName=UNSPECIFIED, actionLabel=null, initialSelStart=-1, initialSelEnd=-1, initialCapsMode=0, label=null, fieldId=0, fieldName=null, extras=Bundle[mParcelledData.dataSize=72], hintText=null, hintLocales=[]}}, false)
05-16 14:22:29.066  6534  6534 I AndroidIME: LatinIMEBase.updateInputViewCoverNavigation():322 Update input view padding, isNavbarOverInputWindow=false, bottom inset=104
05-16 14:22:29.066  2431  2719 I MiuiNetworkPolicy: updateUidState uid = 99074, uidState = 5
05-16 14:22:29.067  1272  1272 E SurfaceFlinger: MiSurfaceFlingerStub isAnimationScene
05-16 14:22:29.068  6534  6534 I Module  : DeviceLockedStatusModuleProvider$Module.updateDeviceLockedStatus():103 repeatCheckTimes = 1, locked = false
05-16 14:22:29.069  2431  2719 I MiuiNetworkPolicy: updateUidState uid = 10252, uidState = 5
05-16 14:22:29.076  1272  1272 E MI-SF   : MiSurfaceFlingerImpl.cpp.vsyncId=460389689, oldVsyncId=460389673, layerName=ImeContainer#11
05-16 14:22:29.076  2431  2719 I MiuiNetworkPolicy: updateUidState uid = 10195, uidState = 5
05-16 14:22:29.076  1272  1272 E MI-SF   : MiSurfaceFlingerImpl.cpp.vsyncId=460389689, mIsContainTask1=0, mIsContainTaskOther=0
05-16 14:22:29.076  1272  1272 E MI-SF   : MiSurfaceFlingerImpl.cpp.vsyncId=460389689, oldVsyncId=460389689, layerName=f5b1801 InputMethod#59929
05-16 14:22:29.076  1272  1272 E MI-SF   : MiSurfaceFlingerImpl.cpp.vsyncId=460389689, mIsContainTask1=0, mIsContainTaskOther=0
05-16 14:22:29.076  1272  1272 E MI-SF   : MiSurfaceFlingerImpl.cpp.vsyncId=460389689, oldVsyncId=460389689, layerName=6ac14dd Splash Screen br.com.sinalseguro.app#73114
05-16 14:22:29.076  1272  1272 E MI-SF   : MiSurfaceFlingerImpl.cpp.vsyncId=460389689, mIsContainTask1=0, mIsContainTaskOther=0
05-16 14:22:29.076  1272  1272 E MI-SF   : MiSurfaceFlingerImpl.cpp.vsyncId=460389689, oldVsyncId=460389689, layerName=Surface(name=f5b1801 InputMethod#59929)/@0xf4b88e7 - animation-leash of insets_animation#73110
05-16 14:22:29.076  1272  1272 E MI-SF   : MiSurfaceFlingerImpl.cpp.vsyncId=460389689, mIsContainTask1=0, mIsContainTaskOther=0
05-16 14:22:29.076  1272  1272 E MI-SF   : MiSurfaceFlingerImpl.cpp.vsyncId=460389689, oldVsyncId=460389689, layerName=Surface(name=f5b1801 InputMethod#59929)/@0xf4b88e7 - animation-leash of insets_animation#73125
05-16 14:22:29.076  1272  1272 E MI-SF   : MiSurfaceFlingerImpl.cpp.vsyncId=460389689, mIsContainTask1=0, mIsContainTaskOther=0
05-16 14:22:29.076  1272  1272 E MI-SF   : MiSurfaceFlingerImpl.cpp.vsyncId=460389689, oldVsyncId=460389689, layerName=38db712 br.com.sinalseguro.app/br.com.sinalseguro.app.MainActivity#73120
05-16 14:22:29.076  1272  1272 E MI-SF   : MiSurfaceFlingerImpl.cpp.vsyncId=460389689, mIsContainTask1=0, mIsContainTaskOther=0
05-16 14:22:29.077  1272  1272 E SurfaceFlinger: MiSurfaceFlingerStub isAnimationScene
05-16 14:22:29.078 15040 15040 I HandWritingStubImpl: getCurrentKeyboardType: 1
05-16 14:22:29.082  2431  2719 I MiuiNetworkPolicy: updateUidState uid = 10174, uidState = 4
05-16 14:22:29.083  2431  2719 I MiuiNetworkPolicy: updateUidState uid = 10159, uidState = 4
05-16 14:22:29.084  1272  1272 E MI-SF   : MiSurfaceFlingerImpl.cpp.vsyncId=460389704, oldVsyncId=460389689, layerName=Splash Screen br.com.sinalseguro.app#73115
05-16 14:22:29.084  1272  1272 E MI-SF   : MiSurfaceFlingerImpl.cpp.vsyncId=460389704, mIsContainTask1=0, mIsContainTaskOther=0
05-16 14:22:29.085  2431  5382 W PackageConfigPersister: App-specific configuration not found for packageName: br.com.sinalseguro.app and userId: 0
05-16 14:22:29.085  1272  1272 E SurfaceFlinger: MiSurfaceFlingerStub isAnimationScene
05-16 14:22:29.086  2431  2719 I MiuiNetworkPolicy: updateUidState uid = 10152, uidState = 5
05-16 14:22:29.087  2431  2719 I MiuiNetworkPolicy: updateUidState uid = 10139, uidState = 5
05-16 14:22:29.091  2431  3755 D PreStartingManager: Not init when use PreStartingManager!
05-16 14:22:29.091  2431  3755 I ATMSImpl: No snapshot since not start by launcher, activity=br.com.sinalseguro.app/.MainActivity
05-16 14:22:29.092  1272  1272 E MI-SF   : MiSurfaceFlingerImpl.cpp.vsyncId=460389712, oldVsyncId=460389704, layerName=Surface(name=6ac14dd Splash Screen br.com.sinalseguro.app#73114)/@0x2d79723 - animation-leash of starting_reveal#73124
05-16 14:22:29.092  1272  1272 E MI-SF   : MiSurfaceFlingerImpl.cpp.vsyncId=460389712, mIsContainTask1=0, mIsContainTaskOther=0
05-16 14:22:29.092  1272  1272 E MI-SF   : MiSurfaceFlingerImpl.cpp.vsyncId=460389712, oldVsyncId=460389712, layerName=br.com.sinalseguro.app/br.com.sinalseguro.app.MainActivity#73121
05-16 14:22:29.092  1272  1272 E MI-SF   : MiSurfaceFlingerImpl.cpp.vsyncId=460389712, mIsContainTask1=0, mIsContainTaskOther=0
05-16 14:22:29.094  1272  1272 E SurfaceFlinger: MiSurfaceFlingerStub isAnimationScene
05-16 14:22:29.103  1272  1272 I MI-SF   : surfaceflinger setAffinity mode=1
05-16 14:22:29.103  1272  1272 E MI-SF   : surfaceflinger setAffinity success
05-16 14:22:29.103  1272  1272 I MI-SF   : surfaceflinger setreAffinity reTid=1543
05-16 14:22:29.103  1272  1272 E MI-SF   : surfaceflinger setAffinity success
05-16 14:22:29.103  1272  1272 E MI-SF   : MiSurfaceFlingerImpl.cpp.vsyncId=460389727, oldVsyncId=460389712, layerName=Display 0 name="Tela integrada"#59854
05-16 14:22:29.103  1272  1272 E MI-SF   : MiSurfaceFlingerImpl.cpp.vsyncId=460389727, mIsContainTask1=0, mIsContainTaskOther=0
05-16 14:22:29.103  1272  1272 E MI-SF   : MiSurfaceFlingerImpl.cpp.vsyncId=460389727, oldVsyncId=460389727, layerName=6ac14dd Splash Screen br.com.sinalseguro.app#73114
05-16 14:22:29.103  1272  1272 E MI-SF   : MiSurfaceFlingerImpl.cpp.vsyncId=460389727, mIsContainTask1=0, mIsContainTaskOther=0
05-16 14:22:29.103  1272  1272 E MI-SF   : MiSurfaceFlingerImpl.cpp.vsyncId=460389727, oldVsyncId=460389727, layerName=Surface(name=6ac14dd Splash Screen br.com.sinalseguro.app#73114)/@0x2d79723 - animation-leash of starting_reveal#73124
05-16 14:22:29.103  1272  1272 E MI-SF   : MiSurfaceFlingerImpl.cpp.vsyncId=460389727, mIsContainTask1=0, mIsContainTaskOther=0
05-16 14:22:29.103  1272  1272 E MI-SF   : MiSurfaceFlingerImpl.cpp.vsyncId=460389727, oldVsyncId=460389727, layerName=br.com.sinalseguro.app/br.com.sinalseguro.app.MainActivity#73121
05-16 14:22:29.103  1272  1272 E MI-SF   : MiSurfaceFlingerImpl.cpp.vsyncId=460389727, mIsContainTask1=0, mIsContainTaskOther=0
05-16 14:22:29.103  1272  1272 E MI-SF   : MiSurfaceFlingerImpl.cpp.vsyncId=460389727, oldVsyncId=460389727, layerName=38db712 br.com.sinalseguro.app/br.com.sinalseguro.app.MainActivity#73120
05-16 14:22:29.103  1272  1272 E MI-SF   : MiSurfaceFlingerImpl.cpp.vsyncId=460389727, mIsContainTask1=0, mIsContainTaskOther=0
05-16 14:22:29.103  1272  1272 E MI-SF   : MiSurfaceFlingerImpl.cpp.vsyncId=460389727, oldVsyncId=460389727, layerName=Splash Screen br.com.sinalseguro.app#73115
05-16 14:22:29.103  1272  1272 E MI-SF   : MiSurfaceFlingerImpl.cpp.vsyncId=460389727, mIsContainTask1=0, mIsContainTaskOther=0
05-16 14:22:29.105  1272  1272 E SurfaceFlinger: MiSurfaceFlingerStub isAnimationScene
05-16 14:22:29.107  1272  1522 I BpBinder: onLastStrongRef automatically unlinking death recipients: 
05-16 14:22:29.108  1272  1272 I MI-SF   : surfaceflinger setAffinity mode=0
05-16 14:22:29.108  1272  1272 E MI-SF   : surfaceflinger setAffinity success
05-16 14:22:29.109 32259 32628 W WindowOnBackDispatcher: sendCancelIfRunning: isInProgress=false callback=android.view.ViewRootImpl$$ExternalSyntheticLambda12@319888d
05-16 14:22:29.109  2431  2625 D CoreBackPreview: Window{6ac14dd u0 Splash Screen br.com.sinalseguro.app}: Setting back callback null
05-16 14:22:29.114  2431  3755 D WindowManager: Starting window removed Window{6ac14dd u0 Splash Screen br.com.sinalseguro.app}
05-16 14:22:29.114  2431  3755 W InputManager-JNI: Input channel object '6ac14dd Splash Screen br.com.sinalseguro.app (client)' was disposed without first being removed with the input manager!
05-16 14:22:29.115  2431  3755 D WindowManager: postWindowRemoveCleanupLocked: Removing startingWindow Window{6ac14dd u0 Splash Screen br.com.sinalseguro.app} from ActivityRecord{eb97b33 u0 br.com.sinalseguro.app/.MainActivity t887} activity = ActivityRecord{eb97b33 u0 br.com.sinalseguro.app/.MainActivity t887}
05-16 14:22:29.117  1272  1272 E MI-SF   : MiSurfaceFlingerImpl.cpp.vsyncId=460389750, oldVsyncId=460389727, layerName=br.com.sinalseguro.app/br.com.sinalseguro.app.MainActivity#73121
05-16 14:22:29.117  1272  1272 E MI-SF   : MiSurfaceFlingerImpl.cpp.vsyncId=460389750, mIsContainTask1=0, mIsContainTaskOther=0
05-16 14:22:29.117  1272  1272 E MI-SF   : MiSurfaceFlingerImpl.cpp.vsyncId=460389750, oldVsyncId=460389750, layerName=Surface(name=f5b1801 InputMethod#59929)/@0xf4b88e7 - animation-leash of insets_animation#73125
05-16 14:22:29.118  1272  1272 E MI-SF   : MiSurfaceFlingerImpl.cpp.vsyncId=460389750, mIsContainTask1=0, mIsContainTaskOther=0
05-16 14:22:29.118  1272  1272 E MI-SF   : MiSurfaceFlingerImpl.cpp.vsyncId=460389750, oldVsyncId=460389750, layerName=Splash Screen br.com.sinalseguro.app#73115
05-16 14:22:29.118  1272  1272 E MI-SF   : MiSurfaceFlingerImpl.cpp.vsyncId=460389750, mIsContainTask1=0, mIsContainTaskOther=0
05-16 14:22:29.118  1272  1272 E MI-SF   : MiSurfaceFlingerImpl.cpp.vsyncId=460389750, oldVsyncId=460389750, layerName=38db712 br.com.sinalseguro.app/br.com.sinalseguro.app.MainActivity#73120
05-16 14:22:29.118  1272  1272 E MI-SF   : MiSurfaceFlingerImpl.cpp.vsyncId=460389750, mIsContainTask1=0, mIsContainTaskOther=0
05-16 14:22:29.118  1272  1272 E MI-SF   : MiSurfaceFlingerImpl.cpp.vsyncId=460389750, oldVsyncId=460389750, layerName=6ac14dd Splash Screen br.com.sinalseguro.app#73114
05-16 14:22:29.118  1272  1272 E MI-SF   : MiSurfaceFlingerImpl.cpp.vsyncId=460389750, mIsContainTask1=0, mIsContainTaskOther=0
05-16 14:22:29.118  1272  1272 E MI-SF   : MiSurfaceFlingerImpl.cpp.vsyncId=460389750, oldVsyncId=460389750, layerName=6ac14dd Splash Screen br.com.sinalseguro.app#73114
05-16 14:22:29.118  1272  1272 E MI-SF   : MiSurfaceFlingerImpl.cpp.vsyncId=460389750, mIsContainTask1=0, mIsContainTaskOther=0
05-16 14:22:29.120 27380 14591 I AHS_PassiveDataServiceD: (REDACTED) Foreground state changed, isForeground: %s for %s
05-16 14:22:29.121  1272  1272 E SurfaceFlinger: MiSurfaceFlingerStub isAnimationScene
05-16 14:22:29.125  1272  1272 E MI-SF   : MiSurfaceFlingerImpl.cpp.vsyncId=460389751, oldVsyncId=460389750, layerName=Splash Screen br.com.sinalseguro.app#73115
05-16 14:22:29.126  1272  1272 E MI-SF   : MiSurfaceFlingerImpl.cpp.vsyncId=460389751, mIsContainTask1=0, mIsContainTaskOther=0
05-16 14:22:29.126  1272  1272 E MI-SF   : MiSurfaceFlingerImpl.cpp.vsyncId=460389751, oldVsyncId=460389751, layerName=6ac14dd Splash Screen br.com.sinalseguro.app#73114
05-16 14:22:29.126  1272  1272 E MI-SF   : MiSurfaceFlingerImpl.cpp.vsyncId=460389751, mIsContainTask1=0, mIsContainTaskOther=0
05-16 14:22:29.126  1272  1272 E MI-SF   : MiSurfaceFlingerImpl.cpp.vsyncId=460389751, oldVsyncId=460389751, layerName=ImeContainer#11
05-16 14:22:29.126  1272  1272 E MI-SF   : MiSurfaceFlingerImpl.cpp.vsyncId=460389751, mIsContainTask1=0, mIsContainTaskOther=0
05-16 14:22:29.126  1272  1272 E MI-SF   : MiSurfaceFlingerImpl.cpp.vsyncId=460389751, oldVsyncId=460389751, layerName=38db712 br.com.sinalseguro.app/br.com.sinalseguro.app.MainActivity#73120
05-16 14:22:29.126  1272  1272 E MI-SF   : MiSurfaceFlingerImpl.cpp.vsyncId=460389751, mIsContainTask1=0, mIsContainTaskOther=0
05-16 14:22:29.126 32259 32259 D Utilities:  oldHints : 0 backDisposition : 0 imeShown : false hints 0
05-16 14:22:29.127  1272  1272 E SurfaceFlinger: MiSurfaceFlingerStub isAnimationScene
05-16 14:22:29.135  1272  1272 E SurfaceFlinger: MiSurfaceFlingerStub isAnimationScene
05-16 14:22:29.142  1272  1272 E MI-SF   : MiSurfaceFlingerImpl.cpp.vsyncId=460389788, oldVsyncId=460389751, layerName=br.com.sinalseguro.app/br.com.sinalseguro.app.MainActivity#73121
05-16 14:22:29.142  1272  1272 E MI-SF   : MiSurfaceFlingerImpl.cpp.vsyncId=460389788, mIsContainTask1=0, mIsContainTaskOther=0
05-16 14:22:29.143  1272  1272 E SurfaceFlinger: MiSurfaceFlingerStub isAnimationScene
05-16 14:22:29.156  2431  3755 W ActivityTaskManager: Request to remove task ignored for non-existent task 886
05-16 14:22:29.159  1272  1272 E MI-SF   : MiSurfaceFlingerImpl.cpp.vsyncId=460389789, oldVsyncId=460389788, layerName=br.com.sinalseguro.app/br.com.sinalseguro.app.MainActivity#73121
05-16 14:22:29.159  1272  1272 E MI-SF   : MiSurfaceFlingerImpl.cpp.vsyncId=460389789, mIsContainTask1=0, mIsContainTaskOther=0
05-16 14:22:29.160  1272  1272 E SurfaceFlinger: MiSurfaceFlingerStub isAnimationScene
05-16 14:22:29.167 12238 12248 D EventBus: No subscribers registered for event class com.miui.home.recents.messages.RecentTasksChangedEvent
05-16 14:22:29.167 12238 12248 D EventBus: No subscribers registered for event class org.greenrobot.eventbus.NoSubscriberEvent
05-16 14:22:29.167  1272  1272 E MI-SF   : MiSurfaceFlingerImpl.cpp.vsyncId=460389804, oldVsyncId=460389789, layerName=br.com.sinalseguro.app/br.com.sinalseguro.app.MainActivity#73121
05-16 14:22:29.167  1272  1272 E MI-SF   : MiSurfaceFlingerImpl.cpp.vsyncId=460389804, mIsContainTask1=0, mIsContainTaskOther=0
05-16 14:22:29.168 12238 12653 W MiBridge: Permission not granted !!
05-16 14:22:29.168 12238 12653 D Launcher.Boost: setDynamicVIPTaskIfNeeded::tid = 38101 duration = 500
05-16 14:22:29.168  1272  1272 E SurfaceFlinger: MiSurfaceFlingerStub isAnimationScene
05-16 14:22:29.170  2431  5382 I ATMSImpl: cacheTasksForDefaultDisplay size=3
05-16 14:22:29.178 12238 12653 D RecentsModel: getRunningTask ignoreActivityType : 2 ,ignoreWindowMode:5
05-16 14:22:29.178 12238 12653 W RecentsModel: getRunningTask   taskInfo=TaskInfo{userId=0 taskId=887 displayId=0 isRunning=true baseIntent=Intent { act=android.intent.action.VIEW dat=sinalseguro://alerta/... flg=0x10000000 pkg=br.com.sinalseguro.app cmp=br.com.sinalseguro.app/.MainActivity } baseActivity=ComponentInfo{br.com.sinalseguro.app/br.com.sinalseguro.app.MainActivity} topActivity=ComponentInfo{br.com.sinalseguro.app/br.com.sinalseguro.app.MainActivity} origActivity=null realActivity=ComponentInfo{br.com.sinalseguro.app/br.com.sinalseguro.app.MainActivity} numActivities=1 lastActiveTime=862773396 supportsSplitScreenMultiWindow=true supportsMultiWindow=true resizeMode=1 isResizeable=true minWidth=-1 minHeight=-1 defaultMinSize=200 token=WCT{android.window.IWindowContainerToken$Stub$Proxy@c7f0e96} topActivityType=1 pictureInPictureParams=null shouldDockBigOverlays=false launchIntoPipHostTaskId=-1 lastParentTaskIdBeforePip=-1 displayCutoutSafeInsets=null topActivityInfo=ActivityInfo{68f1a17 br.com.sinalseguro.app.MainActivity} launchCookies=[] positionInParent=Point(0, 0) parentTaskId=-1 isFocused=true isVisible=true isVisibleRequested=true isSleeping=false locusId=null displayAreaFeatureId=1 isTopActivityTransparent=false appCompatTaskInfo=AppCompatTaskInfo { topActivityInSizeCompat=false topActivityInMiuiSizeCompat=false topActivityEligibleForLetterboxEducation= falseisLetterboxEducationEnabled= false isLetterboxDoubleTapEnabled= false topActivityEligibleForUserAspectRatioButton= false topActivityBoundsLetterboxed= false isFromLetterboxDoubleTap= false topActivityLetterboxVerticalPosition= -1 topActivityLetterboxHorizontalPosition= -1 topActivityLetterboxWidth=1080 topActivityLetterboxHeight=2400 isUserFullscreenOverrideEnabled=false isSystemFullscreenOverrideEnabled=false cameraCompatTaskInfo=CameraCompatTaskInfo { cameraCompatControlState=hidden freeformCameraCompatMode=inactive}} isImmersive=false mTopActivityRequestOrientation=1 mBehindAppLockPkg=null mOriginatingUid=0 isEmbedded=false shouldBeVisible=true mIsCastMode=false mTopActivityMediaSize=null mTopActivityRecordName=ActivityRecord{eb97b33 u0 br.com.sinalseguro.app/.MainActivity t887} mTopActivityOrientation=1}
05-16 14:22:29.180 12238 12653 E ActivityManagerWrapper: get all recent tasks force including 887
05-16 14:22:29.184  1272  1272 E MI-SF   : MiSurfaceFlingerImpl.cpp.vsyncId=460389812, oldVsyncId=460389804, layerName=br.com.sinalseguro.app/br.com.sinalseguro.app.MainActivity#73121
05-16 14:22:29.184  1272  1272 E MI-SF   : MiSurfaceFlingerImpl.cpp.vsyncId=460389812, mIsContainTask1=0, mIsContainTaskOther=0
05-16 14:22:29.184  1272  1272 E MI-SF   : MiSurfaceFlingerImpl.cpp.vsyncId=460389812, oldVsyncId=460389812, layerName=br.com.sinalseguro.app/br.com.sinalseguro.app.MainActivity#73121
05-16 14:22:29.184  1272  1272 E MI-SF   : MiSurfaceFlingerImpl.cpp.vsyncId=460389812, mIsContainTask1=0, mIsContainTaskOther=0
05-16 14:22:29.185  1272  1272 E SurfaceFlinger: MiSurfaceFlingerStub isAnimationScene
05-16 14:22:29.193  1272  1272 E MI-SF   : MiSurfaceFlingerImpl.cpp.vsyncId=460389827, oldVsyncId=460389812, layerName=br.com.sinalseguro.app/br.com.sinalseguro.app.MainActivity#73121
05-16 14:22:29.193  1272  1272 E MI-SF   : MiSurfaceFlingerImpl.cpp.vsyncId=460389827, mIsContainTask1=0, mIsContainTaskOther=0
05-16 14:22:29.193  1272  1272 E MI-SF   : MiSurfaceFlingerImpl.cpp.vsyncId=460389827, oldVsyncId=460389827, layerName=br.com.sinalseguro.app/br.com.sinalseguro.app.MainActivity#73121
05-16 14:22:29.193  1272  1272 E MI-SF   : MiSurfaceFlingerImpl.cpp.vsyncId=460389827, mIsContainTask1=0, mIsContainTaskOther=0
05-16 14:22:29.194  1272  1272 E SurfaceFlinger: MiSurfaceFlingerStub isAnimationScene
05-16 14:22:29.194 12238 12653 E ActivityManagerWrapper: getRecentTasksForceIncludingTaskIdIfValid: getRecentTasks: size=2
05-16 14:22:29.194 12238 12653 E ActivityManagerWrapper:  mainTaskId=887   userId=0   windowMode=1   baseIntent=Intent { act=android.intent.action.VIEW flag=268435456 cmp=ComponentInfo{br.com.sinalseguro.app/br.com.sinalseguro.app.MainActivity} }
05-16 14:22:29.194 12238 12653 E ActivityManagerWrapper:  mainTaskId=884   userId=0   windowMode=1   baseIntent=Intent { act=android.intent.action.MAIN flag=270532608 cmp=ComponentInfo{com.android.settings/com.android.settings.MainSettings} }
05-16 14:22:29.196 12238 12653 D RecentsTaskLoader: reloadTasksData [TaskKey{id=887, stackId=0, baseIntent=Intent { act=android.intent.action.VIEW dat=sinalseguro://alerta/... flg=0x10000000 pkg=br.com.sinalseguro.app cmp=br.com.sinalseguro.app/.MainActivity }, userId=0, lastActiveTime=862770862, windowingMode=1, isThumbnailBlur=false, isAccessLocked=false, isScreening=false, topActivity=ComponentInfo{br.com.sinalseguro.app/br.com.sinalseguro.app.MainActivity}, mHashCode=27348169}, title=SinalSeguro, titleDescription=SinalSeguro, bounds=null, isLaunchTarget=true, isStackTask=true, isSystemApp=false, isDockable=true, baseActivity=ComponentInfo{br.com.sinalseguro.app/br.com.sinalseguro.app.MainActivity}, isLocked=false, mNeedHide=false, hasMultipleTasks=false, cti1Key=, cti2Key=] 
05-16 14:22:29.199 12238 12653 D TaskSnapshotCompatVV: getIsInvalidateFromTaskSnapshot, return, mTaskSnapshot=null, mTaskSnapshotClazz=null
05-16 14:22:29.199 12238 12653 D RecentsTaskLoader: reloadTasksData [TaskKey{id=884, stackId=0, baseIntent=Intent { act=android.intent.action.MAIN cat=[android.intent.category.LAUNCHER] flg=0x10200000 cmp=com.android.settings/.MainSettings }, userId=0, lastActiveTime=862306411, windowingMode=1, isThumbnailBlur=false, isAccessLocked=false, isScreening=false, topActivity=ComponentInfo{com.android.settings/com.android.settings.SubSettings}, mHashCode=27258796}, title=Configurações, titleDescription=Configurações, bounds=null, isLaunchTarget=false, isStackTask=true, isSystemApp=true, isDockable=true, baseActivity=ComponentInfo{com.android.settings/com.android.settings.MiuiSettings}, isLocked=false, mNeedHide=false, hasMultipleTasks=false, cti1Key=, cti2Key=] 
05-16 14:22:29.201  1272  1272 E MI-SF   : MiSurfaceFlingerImpl.cpp.vsyncId=460389835, oldVsyncId=460389827, layerName=br.com.sinalseguro.app/br.com.sinalseguro.app.MainActivity#73121
05-16 14:22:29.201  1272  1272 E MI-SF   : MiSurfaceFlingerImpl.cpp.vsyncId=460389835, mIsContainTask1=0, mIsContainTaskOther=0
05-16 14:22:29.201  1272  1272 E MI-SF   : MiSurfaceFlingerImpl.cpp.vsyncId=460389835, oldVsyncId=460389835, layerName=br.com.sinalseguro.app/br.com.sinalseguro.app.MainActivity#73121
05-16 14:22:29.201  1272  1272 E MI-SF   : MiSurfaceFlingerImpl.cpp.vsyncId=460389835, mIsContainTask1=0, mIsContainTaskOther=0
05-16 14:22:29.202  1272  1272 E SurfaceFlinger: MiSurfaceFlingerStub isAnimationScene
05-16 14:22:29.209  1272  1272 E MI-SF   : MiSurfaceFlingerImpl.cpp.vsyncId=460389843, oldVsyncId=460389835, layerName=br.com.sinalseguro.app/br.com.sinalseguro.app.MainActivity#73121
05-16 14:22:29.209  1272  1272 E MI-SF   : MiSurfaceFlingerImpl.cpp.vsyncId=460389843, mIsContainTask1=0, mIsContainTaskOther=0
05-16 14:22:29.209  1272  1272 E MI-SF   : MiSurfaceFlingerImpl.cpp.vsyncId=460389843, oldVsyncId=460389843, layerName=br.com.sinalseguro.app/br.com.sinalseguro.app.MainActivity#73121
05-16 14:22:29.209  1272  1272 E MI-SF   : MiSurfaceFlingerImpl.cpp.vsyncId=460389843, mIsContainTask1=0, mIsContainTaskOther=0
05-16 14:22:29.210  1272  1272 E SurfaceFlinger: MiSurfaceFlingerStub isAnimationScene
05-16 14:22:29.217  1272  1272 E MI-SF   : MiSurfaceFlingerImpl.cpp.vsyncId=460389851, oldVsyncId=460389843, layerName=br.com.sinalseguro.app/br.com.sinalseguro.app.MainActivity#73121
05-16 14:22:29.217  1272  1272 E MI-SF   : MiSurfaceFlingerImpl.cpp.vsyncId=460389851, mIsContainTask1=0, mIsContainTaskOther=0
05-16 14:22:29.217  1272  1272 E MI-SF   : MiSurfaceFlingerImpl.cpp.vsyncId=460389851, oldVsyncId=460389851, layerName=br.com.sinalseguro.app/br.com.sinalseguro.app.MainActivity#73121
05-16 14:22:29.217  1272  1272 E MI-SF   : MiSurfaceFlingerImpl.cpp.vsyncId=460389851, mIsContainTask1=0, mIsContainTaskOther=0
05-16 14:22:29.218  1272  1272 E SurfaceFlinger: MiSurfaceFlingerStub isAnimationScene
05-16 14:22:29.226  1272  1272 E MI-SF   : MiSurfaceFlingerImpl.cpp.vsyncId=460389859, oldVsyncId=460389851, layerName=br.com.sinalseguro.app/br.com.sinalseguro.app.MainActivity#73121
05-16 14:22:29.226  1272  1272 E MI-SF   : MiSurfaceFlingerImpl.cpp.vsyncId=460389859, mIsContainTask1=0, mIsContainTaskOther=0
05-16 14:22:29.226  1272  1272 E MI-SF   : MiSurfaceFlingerImpl.cpp.vsyncId=460389859, oldVsyncId=460389859, layerName=br.com.sinalseguro.app/br.com.sinalseguro.app.MainActivity#73121
05-16 14:22:29.226  1272  1272 E MI-SF   : MiSurfaceFlingerImpl.cpp.vsyncId=460389859, mIsContainTask1=0, mIsContainTaskOther=0
05-16 14:22:29.226  1272  1272 E SurfaceFlinger: MiSurfaceFlingerStub isAnimationScene
05-16 14:22:29.234  1272  1272 E MI-SF   : MiSurfaceFlingerImpl.cpp.vsyncId=460389867, oldVsyncId=460389859, layerName=br.com.sinalseguro.app/br.com.sinalseguro.app.MainActivity#73121
05-16 14:22:29.234  1272  1272 E MI-SF   : MiSurfaceFlingerImpl.cpp.vsyncId=460389867, mIsContainTask1=0, mIsContainTaskOther=0
05-16 14:22:29.234  1272  1272 E MI-SF   : MiSurfaceFlingerImpl.cpp.vsyncId=460389867, oldVsyncId=460389867, layerName=br.com.sinalseguro.app/br.com.sinalseguro.app.MainActivity#73121
05-16 14:22:29.234  1272  1272 E MI-SF   : MiSurfaceFlingerImpl.cpp.vsyncId=460389867, mIsContainTask1=0, mIsContainTaskOther=0
05-16 14:22:29.235  1272  1272 E SurfaceFlinger: MiSurfaceFlingerStub isAnimationScene
05-16 14:22:29.242  1272  1272 E MI-SF   : MiSurfaceFlingerImpl.cpp.vsyncId=460389875, oldVsyncId=460389867, layerName=br.com.sinalseguro.app/br.com.sinalseguro.app.MainActivity#73121
05-16 14:22:29.242  1272  1272 E MI-SF   : MiSurfaceFlingerImpl.cpp.vsyncId=460389875, mIsContainTask1=0, mIsContainTaskOther=0
05-16 14:22:29.243  1272  1272 E MI-SF   : MiSurfaceFlingerImpl.cpp.vsyncId=460389875, oldVsyncId=460389875, layerName=br.com.sinalseguro.app/br.com.sinalseguro.app.MainActivity#73121
05-16 14:22:29.243  1272  1272 E MI-SF   : MiSurfaceFlingerImpl.cpp.vsyncId=460389875, mIsContainTask1=0, mIsContainTaskOther=0
05-16 14:22:29.243  1272  1272 E SurfaceFlinger: MiSurfaceFlingerStub isAnimationScene
05-16 14:22:29.251  1272  1272 E MI-SF   : MiSurfaceFlingerImpl.cpp.vsyncId=460389883, oldVsyncId=460389875, layerName=br.com.sinalseguro.app/br.com.sinalseguro.app.MainActivity#73121
05-16 14:22:29.251  1272  1272 E MI-SF   : MiSurfaceFlingerImpl.cpp.vsyncId=460389883, mIsContainTask1=0, mIsContainTaskOther=0
05-16 14:22:29.251  1272  1272 E MI-SF   : MiSurfaceFlingerImpl.cpp.vsyncId=460389883, oldVsyncId=460389883, layerName=br.com.sinalseguro.app/br.com.sinalseguro.app.MainActivity#73121
05-16 14:22:29.251  1272  1272 E MI-SF   : MiSurfaceFlingerImpl.cpp.vsyncId=460389883, mIsContainTask1=0, mIsContainTaskOther=0
05-16 14:22:29.251  1272  1272 E SurfaceFlinger: MiSurfaceFlingerStub isAnimationScene
05-16 14:22:29.259  1272  1272 E MI-SF   : MiSurfaceFlingerImpl.cpp.vsyncId=460389891, oldVsyncId=460389883, layerName=br.com.sinalseguro.app/br.com.sinalseguro.app.MainActivity#73121
05-16 14:22:29.259  1272  1272 E MI-SF   : MiSurfaceFlingerImpl.cpp.vsyncId=460389891, mIsContainTask1=0, mIsContainTaskOther=0
05-16 14:22:29.259  1272  1272 E MI-SF   : MiSurfaceFlingerImpl.cpp.vsyncId=460389891, oldVsyncId=460389891, layerName=br.com.sinalseguro.app/br.com.sinalseguro.app.MainActivity#73121
05-16 14:22:29.259  1272  1272 E MI-SF   : MiSurfaceFlingerImpl.cpp.vsyncId=460389891, mIsContainTask1=0, mIsContainTaskOther=0
05-16 14:22:29.260  1272  1272 E SurfaceFlinger: MiSurfaceFlingerStub isAnimationScene
05-16 14:22:29.268  1272  1272 E MI-SF   : MiSurfaceFlingerImpl.cpp.vsyncId=460389899, oldVsyncId=460389891, layerName=br.com.sinalseguro.app/br.com.sinalseguro.app.MainActivity#73121
05-16 14:22:29.268  1272  1272 E MI-SF   : MiSurfaceFlingerImpl.cpp.vsyncId=460389899, mIsContainTask1=0, mIsContainTaskOther=0
05-16 14:22:29.268  1272  1272 E MI-SF   : MiSurfaceFlingerImpl.cpp.vsyncId=460389899, oldVsyncId=460389899, layerName=br.com.sinalseguro.app/br.com.sinalseguro.app.MainActivity#73121
05-16 14:22:29.268  1272  1272 E MI-SF   : MiSurfaceFlingerImpl.cpp.vsyncId=460389899, mIsContainTask1=0, mIsContainTaskOther=0
05-16 14:22:29.268  1272  1272 E SurfaceFlinger: MiSurfaceFlingerStub isAnimationScene
05-16 14:22:29.276  1272  1272 E MI-SF   : MiSurfaceFlingerImpl.cpp.vsyncId=460389907, oldVsyncId=460389899, layerName=br.com.sinalseguro.app/br.com.sinalseguro.app.MainActivity#73121
05-16 14:22:29.276  1272  1272 E MI-SF   : MiSurfaceFlingerImpl.cpp.vsyncId=460389907, mIsContainTask1=0, mIsContainTaskOther=0
05-16 14:22:29.276  1272  1272 E MI-SF   : MiSurfaceFlingerImpl.cpp.vsyncId=460389907, oldVsyncId=460389907, layerName=br.com.sinalseguro.app/br.com.sinalseguro.app.MainActivity#73121
05-16 14:22:29.276  1272  1272 E MI-SF   : MiSurfaceFlingerImpl.cpp.vsyncId=460389907, mIsContainTask1=0, mIsContainTaskOther=0
05-16 14:22:29.277  1272  1272 E SurfaceFlinger: MiSurfaceFlingerStub isAnimationScene
05-16 14:22:29.284  1272  1272 E MI-SF   : MiSurfaceFlingerImpl.cpp.vsyncId=460389915, oldVsyncId=460389907, layerName=br.com.sinalseguro.app/br.com.sinalseguro.app.MainActivity#73121
05-16 14:22:29.285  1272  1272 E MI-SF   : MiSurfaceFlingerImpl.cpp.vsyncId=460389915, mIsContainTask1=0, mIsContainTaskOther=0
05-16 14:22:29.285  1272  1272 E MI-SF   : MiSurfaceFlingerImpl.cpp.vsyncId=460389915, oldVsyncId=460389915, layerName=br.com.sinalseguro.app/br.com.sinalseguro.app.MainActivity#73121
05-16 14:22:29.285  1272  1272 E MI-SF   : MiSurfaceFlingerImpl.cpp.vsyncId=460389915, mIsContainTask1=0, mIsContainTaskOther=0
05-16 14:22:29.285  1272  1272 E SurfaceFlinger: MiSurfaceFlingerStub isAnimationScene
05-16 14:22:29.293  1272  1272 E MI-SF   : MiSurfaceFlingerImpl.cpp.vsyncId=460389923, oldVsyncId=460389915, layerName=br.com.sinalseguro.app/br.com.sinalseguro.app.MainActivity#73121
05-16 14:22:29.293  1272  1272 E MI-SF   : MiSurfaceFlingerImpl.cpp.vsyncId=460389923, mIsContainTask1=0, mIsContainTaskOther=0
05-16 14:22:29.293  1272  1272 E MI-SF   : MiSurfaceFlingerImpl.cpp.vsyncId=460389923, oldVsyncId=460389923, layerName=br.com.sinalseguro.app/br.com.sinalseguro.app.MainActivity#73121
05-16 14:22:29.293  1272  1272 E MI-SF   : MiSurfaceFlingerImpl.cpp.vsyncId=460389923, mIsContainTask1=0, mIsContainTaskOther=0
05-16 14:22:29.293  1272  1272 E SurfaceFlinger: MiSurfaceFlingerStub isAnimationScene
05-16 14:22:29.301  1272  1272 E MI-SF   : MiSurfaceFlingerImpl.cpp.vsyncId=460389931, oldVsyncId=460389923, layerName=br.com.sinalseguro.app/br.com.sinalseguro.app.MainActivity#73121
05-16 14:22:29.301  1272  1272 E MI-SF   : MiSurfaceFlingerImpl.cpp.vsyncId=460389931, mIsContainTask1=0, mIsContainTaskOther=0
05-16 14:22:29.301  1272  1272 E MI-SF   : MiSurfaceFlingerImpl.cpp.vsyncId=460389931, oldVsyncId=460389931, layerName=br.com.sinalseguro.app/br.com.sinalseguro.app.MainActivity#73121
05-16 14:22:29.301  1272  1272 E MI-SF   : MiSurfaceFlingerImpl.cpp.vsyncId=460389931, mIsContainTask1=0, mIsContainTaskOther=0
05-16 14:22:29.302  1272  1272 E SurfaceFlinger: MiSurfaceFlingerStub isAnimationScene
05-16 14:22:29.310  1272  1272 E MI-SF   : MiSurfaceFlingerImpl.cpp.vsyncId=460389939, oldVsyncId=460389931, layerName=br.com.sinalseguro.app/br.com.sinalseguro.app.MainActivity#73121
05-16 14:22:29.310  1272  1272 E MI-SF   : MiSurfaceFlingerImpl.cpp.vsyncId=460389939, mIsContainTask1=0, mIsContainTaskOther=0
05-16 14:22:29.310  1272  1272 E MI-SF   : MiSurfaceFlingerImpl.cpp.vsyncId=460389939, oldVsyncId=460389939, layerName=br.com.sinalseguro.app/br.com.sinalseguro.app.MainActivity#73121
05-16 14:22:29.310  1272  1272 E MI-SF   : MiSurfaceFlingerImpl.cpp.vsyncId=460389939, mIsContainTask1=0, mIsContainTaskOther=0
05-16 14:22:29.311  1272  1272 E SurfaceFlinger: MiSurfaceFlingerStub isAnimationScene
05-16 14:22:29.318  1272  1272 E MI-SF   : MiSurfaceFlingerImpl.cpp.vsyncId=460389947, oldVsyncId=460389939, layerName=br.com.sinalseguro.app/br.com.sinalseguro.app.MainActivity#73121
05-16 14:22:29.318  1272  1272 E MI-SF   : MiSurfaceFlingerImpl.cpp.vsyncId=460389947, mIsContainTask1=0, mIsContainTaskOther=0
05-16 14:22:29.318  1272  1272 E MI-SF   : MiSurfaceFlingerImpl.cpp.vsyncId=460389947, oldVsyncId=460389947, layerName=br.com.sinalseguro.app/br.com.sinalseguro.app.MainActivity#73121
05-16 14:22:29.318  1272  1272 E MI-SF   : MiSurfaceFlingerImpl.cpp.vsyncId=460389947, mIsContainTask1=0, mIsContainTaskOther=0
05-16 14:22:29.319  1272  1272 E SurfaceFlinger: MiSurfaceFlingerStub isAnimationScene
05-16 14:22:29.326  1272  1272 E MI-SF   : MiSurfaceFlingerImpl.cpp.vsyncId=460389955, oldVsyncId=460389947, layerName=br.com.sinalseguro.app/br.com.sinalseguro.app.MainActivity#73121
05-16 14:22:29.326  1272  1272 E MI-SF   : MiSurfaceFlingerImpl.cpp.vsyncId=460389955, mIsContainTask1=0, mIsContainTaskOther=0
05-16 14:22:29.326  1272  1272 E MI-SF   : MiSurfaceFlingerImpl.cpp.vsyncId=460389955, oldVsyncId=460389955, layerName=br.com.sinalseguro.app/br.com.sinalseguro.app.MainActivity#73121
05-16 14:22:29.326  1272  1272 E MI-SF   : MiSurfaceFlingerImpl.cpp.vsyncId=460389955, mIsContainTask1=0, mIsContainTaskOther=0
05-16 14:22:29.327  1272  1272 E SurfaceFlinger: MiSurfaceFlingerStub isAnimationScene
05-16 14:22:29.334  1272  1272 E MI-SF   : MiSurfaceFlingerImpl.cpp.vsyncId=460389963, oldVsyncId=460389955, layerName=br.com.sinalseguro.app/br.com.sinalseguro.app.MainActivity#73121
05-16 14:22:29.334  1272  1272 E MI-SF   : MiSurfaceFlingerImpl.cpp.vsyncId=460389963, mIsContainTask1=0, mIsContainTaskOther=0
05-16 14:22:29.334  1272  1272 E MI-SF   : MiSurfaceFlingerImpl.cpp.vsyncId=460389963, oldVsyncId=460389963, layerName=br.com.sinalseguro.app/br.com.sinalseguro.app.MainActivity#73121
05-16 14:22:29.335  1272  1272 E MI-SF   : MiSurfaceFlingerImpl.cpp.vsyncId=460389963, mIsContainTask1=0, mIsContainTaskOther=0
05-16 14:22:29.335  1272  1272 E SurfaceFlinger: MiSurfaceFlingerStub isAnimationScene
05-16 14:22:29.343  1272  1272 E MI-SF   : MiSurfaceFlingerImpl.cpp.vsyncId=460389971, oldVsyncId=460389963, layerName=br.com.sinalseguro.app/br.com.sinalseguro.app.MainActivity#73121
05-16 14:22:29.343  1272  1272 E MI-SF   : MiSurfaceFlingerImpl.cpp.vsyncId=460389971, mIsContainTask1=0, mIsContainTaskOther=0
05-16 14:22:29.343  1272  1272 E MI-SF   : MiSurfaceFlingerImpl.cpp.vsyncId=460389971, oldVsyncId=460389971, layerName=br.com.sinalseguro.app/br.com.sinalseguro.app.MainActivity#73121
05-16 14:22:29.343  1272  1272 E MI-SF   : MiSurfaceFlingerImpl.cpp.vsyncId=460389971, mIsContainTask1=0, mIsContainTaskOther=0
05-16 14:22:29.343  1272  1272 E SurfaceFlinger: MiSurfaceFlingerStub isAnimationScene
05-16 14:22:29.351  1272  1272 E MI-SF   : MiSurfaceFlingerImpl.cpp.vsyncId=460389979, oldVsyncId=460389971, layerName=br.com.sinalseguro.app/br.com.sinalseguro.app.MainActivity#73121
05-16 14:22:29.351  1272  1272 E MI-SF   : MiSurfaceFlingerImpl.cpp.vsyncId=460389979, mIsContainTask1=0, mIsContainTaskOther=0
05-16 14:22:29.351  1272  1272 E MI-SF   : MiSurfaceFlingerImpl.cpp.vsyncId=460389979, oldVsyncId=460389979, layerName=br.com.sinalseguro.app/br.com.sinalseguro.app.MainActivity#73121
05-16 14:22:29.351  1272  1272 E MI-SF   : MiSurfaceFlingerImpl.cpp.vsyncId=460389979, mIsContainTask1=0, mIsContainTaskOther=0
05-16 14:22:29.352  1272  1272 E SurfaceFlinger: MiSurfaceFlingerStub isAnimationScene
05-16 14:22:29.359  1272  1272 E MI-SF   : MiSurfaceFlingerImpl.cpp.vsyncId=460389987, oldVsyncId=460389979, layerName=br.com.sinalseguro.app/br.com.sinalseguro.app.MainActivity#73121
05-16 14:22:29.359  1272  1272 E MI-SF   : MiSurfaceFlingerImpl.cpp.vsyncId=460389987, mIsContainTask1=0, mIsContainTaskOther=0
05-16 14:22:29.359  1272  1272 E MI-SF   : MiSurfaceFlingerImpl.cpp.vsyncId=460389987, oldVsyncId=460389987, layerName=br.com.sinalseguro.app/br.com.sinalseguro.app.MainActivity#73121
05-16 14:22:29.360  1272  1272 E MI-SF   : MiSurfaceFlingerImpl.cpp.vsyncId=460389987, mIsContainTask1=0, mIsContainTaskOther=0
05-16 14:22:29.360  1272  1272 E SurfaceFlinger: MiSurfaceFlingerStub isAnimationScene
05-16 14:22:29.363  2431  2431 D BatteryStatsManagerStub: audio off uid=99121
05-16 14:22:29.368  1272  1272 E MI-SF   : MiSurfaceFlingerImpl.cpp.vsyncId=460389995, oldVsyncId=460389987, layerName=br.com.sinalseguro.app/br.com.sinalseguro.app.MainActivity#73121
05-16 14:22:29.368  1272  1272 E MI-SF   : MiSurfaceFlingerImpl.cpp.vsyncId=460389995, mIsContainTask1=0, mIsContainTaskOther=0
05-16 14:22:29.368  1272  1272 E MI-SF   : MiSurfaceFlingerImpl.cpp.vsyncId=460389995, oldVsyncId=460389995, layerName=br.com.sinalseguro.app/br.com.sinalseguro.app.MainActivity#73121
05-16 14:22:29.368  1272  1272 E MI-SF   : MiSurfaceFlingerImpl.cpp.vsyncId=460389995, mIsContainTask1=0, mIsContainTaskOther=0
05-16 14:22:29.369  1272  1272 E SurfaceFlinger: MiSurfaceFlingerStub isAnimationScene
05-16 14:22:29.376  1272  1272 E MI-SF   : MiSurfaceFlingerImpl.cpp.vsyncId=460390003, oldVsyncId=460389995, layerName=br.com.sinalseguro.app/br.com.sinalseguro.app.MainActivity#73121
05-16 14:22:29.376  1272  1272 E MI-SF   : MiSurfaceFlingerImpl.cpp.vsyncId=460390003, mIsContainTask1=0, mIsContainTaskOther=0
05-16 14:22:29.376  1272  1272 E MI-SF   : MiSurfaceFlingerImpl.cpp.vsyncId=460390003, oldVsyncId=460390003, layerName=br.com.sinalseguro.app/br.com.sinalseguro.app.MainActivity#73121
05-16 14:22:29.376  1272  1272 E MI-SF   : MiSurfaceFlingerImpl.cpp.vsyncId=460390003, mIsContainTask1=0, mIsContainTaskOther=0
05-16 14:22:29.377  1272  1272 E SurfaceFlinger: MiSurfaceFlingerStub isAnimationScene
05-16 14:22:29.385  1272  1272 E MI-SF   : MiSurfaceFlingerImpl.cpp.vsyncId=460390011, oldVsyncId=460390003, layerName=br.com.sinalseguro.app/br.com.sinalseguro.app.MainActivity#73121
05-16 14:22:29.385  1272  1272 E MI-SF   : MiSurfaceFlingerImpl.cpp.vsyncId=460390011, mIsContainTask1=0, mIsContainTaskOther=0
05-16 14:22:29.385  1272  1272 E MI-SF   : MiSurfaceFlingerImpl.cpp.vsyncId=460390011, oldVsyncId=460390011, layerName=br.com.sinalseguro.app/br.com.sinalseguro.app.MainActivity#73121
05-16 14:22:29.385  1272  1272 E MI-SF   : MiSurfaceFlingerImpl.cpp.vsyncId=460390011, mIsContainTask1=0, mIsContainTaskOther=0
05-16 14:22:29.385  1272  1272 E SurfaceFlinger: MiSurfaceFlingerStub isAnimationScene
05-16 14:22:29.393  1272  1272 E MI-SF   : MiSurfaceFlingerImpl.cpp.vsyncId=460390019, oldVsyncId=460390011, layerName=br.com.sinalseguro.app/br.com.sinalseguro.app.MainActivity#73121
05-16 14:22:29.393  1272  1272 E MI-SF   : MiSurfaceFlingerImpl.cpp.vsyncId=460390019, mIsContainTask1=0, mIsContainTaskOther=0
05-16 14:22:29.393  1272  1272 E MI-SF   : MiSurfaceFlingerImpl.cpp.vsyncId=460390019, oldVsyncId=460390019, layerName=br.com.sinalseguro.app/br.com.sinalseguro.app.MainActivity#73121
05-16 14:22:29.393  1272  1272 E MI-SF   : MiSurfaceFlingerImpl.cpp.vsyncId=460390019, mIsContainTask1=0, mIsContainTaskOther=0
05-16 14:22:29.394  1272  1272 E SurfaceFlinger: MiSurfaceFlingerStub isAnimationScene
05-16 14:22:29.401  1272  1272 E MI-SF   : MiSurfaceFlingerImpl.cpp.vsyncId=460390027, oldVsyncId=460390019, layerName=br.com.sinalseguro.app/br.com.sinalseguro.app.MainActivity#73121
05-16 14:22:29.401  1272  1272 E MI-SF   : MiSurfaceFlingerImpl.cpp.vsyncId=460390027, mIsContainTask1=0, mIsContainTaskOther=0
05-16 14:22:29.401  1272  1272 E MI-SF   : MiSurfaceFlingerImpl.cpp.vsyncId=460390027, oldVsyncId=460390027, layerName=br.com.sinalseguro.app/br.com.sinalseguro.app.MainActivity#73121
05-16 14:22:29.401  1272  1272 E MI-SF   : MiSurfaceFlingerImpl.cpp.vsyncId=460390027, mIsContainTask1=0, mIsContainTaskOther=0
05-16 14:22:29.402  1272  1272 E SurfaceFlinger: MiSurfaceFlingerStub isAnimationScene
05-16 14:22:29.408 32292 32316 V ClearcutMetricXmitter: Transmission is done.
05-16 14:22:29.410  1272  1272 E MI-SF   : MiSurfaceFlingerImpl.cpp.vsyncId=460390035, oldVsyncId=460390027, layerName=br.com.sinalseguro.app/br.com.sinalseguro.app.MainActivity#73121
05-16 14:22:29.410  1272  1272 E MI-SF   : MiSurfaceFlingerImpl.cpp.vsyncId=460390035, mIsContainTask1=0, mIsContainTaskOther=0
05-16 14:22:29.410  1272  1272 E MI-SF   : MiSurfaceFlingerImpl.cpp.vsyncId=460390035, oldVsyncId=460390035, layerName=br.com.sinalseguro.app/br.com.sinalseguro.app.MainActivity#73121
05-16 14:22:29.410  1272  1272 E MI-SF   : MiSurfaceFlingerImpl.cpp.vsyncId=460390035, mIsContainTask1=0, mIsContainTaskOther=0
05-16 14:22:29.410  1272  1272 E SurfaceFlinger: MiSurfaceFlingerStub isAnimationScene
05-16 14:22:29.418  1272  1272 E MI-SF   : MiSurfaceFlingerImpl.cpp.vsyncId=460390043, oldVsyncId=460390035, layerName=br.com.sinalseguro.app/br.com.sinalseguro.app.MainActivity#73121
05-16 14:22:29.418  1272  1272 E MI-SF   : MiSurfaceFlingerImpl.cpp.vsyncId=460390043, mIsContainTask1=0, mIsContainTaskOther=0
05-16 14:22:29.418  1272  1272 E MI-SF   : MiSurfaceFlingerImpl.cpp.vsyncId=460390043, oldVsyncId=460390043, layerName=br.com.sinalseguro.app/br.com.sinalseguro.app.MainActivity#73121
05-16 14:22:29.418  1272  1272 E MI-SF   : MiSurfaceFlingerImpl.cpp.vsyncId=460390043, mIsContainTask1=0, mIsContainTaskOther=0
05-16 14:22:29.418 32292 32316 V ClearcutMetricXmitter: Transmission is done.
05-16 14:22:29.419  1272  1272 E SurfaceFlinger: MiSurfaceFlingerStub isAnimationScene
05-16 14:22:29.419  2431  2941 I SmartPower: com.miui.android.fashiongallery/10267(14718): background->idle(3001ms) R(broadcast start Intent { act=android.intent.action.BATTERY_CHANGED flg=0x60000010 (has extras) }) adj=905.
05-16 14:22:29.421 32292 32316 V ClearcutMetricXmitter: Transmission is done.
05-16 14:22:29.426  1272  1272 E MI-SF   : MiSurfaceFlingerImpl.cpp.vsyncId=460390051, oldVsyncId=460390043, layerName=br.com.sinalseguro.app/br.com.sinalseguro.app.MainActivity#73121
05-16 14:22:29.426  1272  1272 E MI-SF   : MiSurfaceFlingerImpl.cpp.vsyncId=460390051, mIsContainTask1=0, mIsContainTaskOther=0
05-16 14:22:29.426  1272  1272 E MI-SF   : MiSurfaceFlingerImpl.cpp.vsyncId=460390051, oldVsyncId=460390051, layerName=br.com.sinalseguro.app/br.com.sinalseguro.app.MainActivity#73121
05-16 14:22:29.426  1272  1272 E MI-SF   : MiSurfaceFlingerImpl.cpp.vsyncId=460390051, mIsContainTask1=0, mIsContainTaskOther=0
05-16 14:22:29.427  1272  1272 E SurfaceFlinger: MiSurfaceFlingerStub isAnimationScene
05-16 14:22:29.435  1272  1272 E MI-SF   : MiSurfaceFlingerImpl.cpp.vsyncId=460390059, oldVsyncId=460390051, layerName=br.com.sinalseguro.app/br.com.sinalseguro.app.MainActivity#73121
05-16 14:22:29.435  1272  1272 E MI-SF   : MiSurfaceFlingerImpl.cpp.vsyncId=460390059, mIsContainTask1=0, mIsContainTaskOther=0
05-16 14:22:29.435  1272  1272 E MI-SF   : MiSurfaceFlingerImpl.cpp.vsyncId=460390059, oldVsyncId=460390059, layerName=br.com.sinalseguro.app/br.com.sinalseguro.app.MainActivity#73121
05-16 14:22:29.435  1272  1272 E MI-SF   : MiSurfaceFlingerImpl.cpp.vsyncId=460390059, mIsContainTask1=0, mIsContainTaskOther=0
05-16 14:22:29.435  1272  1272 E SurfaceFlinger: MiSurfaceFlingerStub isAnimationScene
05-16 14:22:29.443  1272  1272 E MI-SF   : MiSurfaceFlingerImpl.cpp.vsyncId=460390067, oldVsyncId=460390059, layerName=br.com.sinalseguro.app/br.com.sinalseguro.app.MainActivity#73121
05-16 14:22:29.443  1272  1272 E MI-SF   : MiSurfaceFlingerImpl.cpp.vsyncId=460390067, mIsContainTask1=0, mIsContainTaskOther=0
05-16 14:22:29.443  1272  1272 E MI-SF   : MiSurfaceFlingerImpl.cpp.vsyncId=460390067, oldVsyncId=460390067, layerName=br.com.sinalseguro.app/br.com.sinalseguro.app.MainActivity#73121
05-16 14:22:29.443  1272  1272 E MI-SF   : MiSurfaceFlingerImpl.cpp.vsyncId=460390067, mIsContainTask1=0, mIsContainTaskOther=0
05-16 14:22:29.444  1272  1272 E SurfaceFlinger: MiSurfaceFlingerStub isAnimationScene
05-16 14:22:29.451  1272  1272 E MI-SF   : MiSurfaceFlingerImpl.cpp.vsyncId=460390075, oldVsyncId=460390067, layerName=br.com.sinalseguro.app/br.com.sinalseguro.app.MainActivity#73121
05-16 14:22:29.451  1272  1272 E MI-SF   : MiSurfaceFlingerImpl.cpp.vsyncId=460390075, mIsContainTask1=0, mIsContainTaskOther=0
05-16 14:22:29.451  1272  1272 E MI-SF   : MiSurfaceFlingerImpl.cpp.vsyncId=460390075, oldVsyncId=460390075, layerName=br.com.sinalseguro.app/br.com.sinalseguro.app.MainActivity#73121
05-16 14:22:29.451  1272  1272 E MI-SF   : MiSurfaceFlingerImpl.cpp.vsyncId=460390075, mIsContainTask1=0, mIsContainTaskOther=0
05-16 14:22:29.452  1272  1272 E SurfaceFlinger: MiSurfaceFlingerStub isAnimationScene
05-16 14:22:29.460  1272  1272 E MI-SF   : MiSurfaceFlingerImpl.cpp.vsyncId=460390083, oldVsyncId=460390075, layerName=br.com.sinalseguro.app/br.com.sinalseguro.app.MainActivity#73121
05-16 14:22:29.460  1272  1272 E MI-SF   : MiSurfaceFlingerImpl.cpp.vsyncId=460390083, mIsContainTask1=0, mIsContainTaskOther=0
05-16 14:22:29.460  1272  1272 E MI-SF   : MiSurfaceFlingerImpl.cpp.vsyncId=460390083, oldVsyncId=460390083, layerName=br.com.sinalseguro.app/br.com.sinalseguro.app.MainActivity#73121
05-16 14:22:29.460  1272  1272 E MI-SF   : MiSurfaceFlingerImpl.cpp.vsyncId=460390083, mIsContainTask1=0, mIsContainTaskOther=0
05-16 14:22:29.460  1272  1272 E SurfaceFlinger: MiSurfaceFlingerStub isAnimationScene
05-16 14:22:29.468  1272  1272 E MI-SF   : MiSurfaceFlingerImpl.cpp.vsyncId=460390091, oldVsyncId=460390083, layerName=br.com.sinalseguro.app/br.com.sinalseguro.app.MainActivity#73121
05-16 14:22:29.468  1272  1272 E MI-SF   : MiSurfaceFlingerImpl.cpp.vsyncId=460390091, mIsContainTask1=0, mIsContainTaskOther=0
05-16 14:22:29.468  1272  1272 E MI-SF   : MiSurfaceFlingerImpl.cpp.vsyncId=460390091, oldVsyncId=460390091, layerName=br.com.sinalseguro.app/br.com.sinalseguro.app.MainActivity#73121
05-16 14:22:29.468  1272  1272 E MI-SF   : MiSurfaceFlingerImpl.cpp.vsyncId=460390091, mIsContainTask1=0, mIsContainTaskOther=0
05-16 14:22:29.469  1272  1272 E SurfaceFlinger: MiSurfaceFlingerStub isAnimationScene
05-16 14:22:29.476  1272  1272 E MI-SF   : MiSurfaceFlingerImpl.cpp.vsyncId=460390099, oldVsyncId=460390091, layerName=br.com.sinalseguro.app/br.com.sinalseguro.app.MainActivity#73121
05-16 14:22:29.476  1272  1272 E MI-SF   : MiSurfaceFlingerImpl.cpp.vsyncId=460390099, mIsContainTask1=0, mIsContainTaskOther=0
05-16 14:22:29.476  1272  1272 E MI-SF   : MiSurfaceFlingerImpl.cpp.vsyncId=460390099, oldVsyncId=460390099, layerName=br.com.sinalseguro.app/br.com.sinalseguro.app.MainActivity#73121
05-16 14:22:29.476  1272  1272 E MI-SF   : MiSurfaceFlingerImpl.cpp.vsyncId=460390099, mIsContainTask1=0, mIsContainTaskOther=0
05-16 14:22:29.477  1272  1272 E SurfaceFlinger: MiSurfaceFlingerStub isAnimationScene
05-16 14:22:29.485  3201  4535 D IpClient/wlan0: addressUpdated: 2804:29b8:5099:a8d1:ac78:fdff:fe50:e419/64 on ifindex 36 flags 0x00000100 scope 0
05-16 14:22:29.485  1272  1272 E MI-SF   : MiSurfaceFlingerImpl.cpp.vsyncId=460390107, oldVsyncId=460390099, layerName=br.com.sinalseguro.app/br.com.sinalseguro.app.MainActivity#73121
05-16 14:22:29.485  1272  1272 E MI-SF   : MiSurfaceFlingerImpl.cpp.vsyncId=460390107, mIsContainTask1=0, mIsContainTaskOther=0
05-16 14:22:29.485  1272  1272 E MI-SF   : MiSurfaceFlingerImpl.cpp.vsyncId=460390107, oldVsyncId=460390107, layerName=br.com.sinalseguro.app/br.com.sinalseguro.app.MainActivity#73121
05-16 14:22:29.485  1272  1272 E MI-SF   : MiSurfaceFlingerImpl.cpp.vsyncId=460390107, mIsContainTask1=0, mIsContainTaskOther=0
05-16 14:22:29.485  3201  4535 D IpClient/wlan0: addressUpdated: 2804:29b8:5099:a8d1:2ec3:12f3:4791:b404/64 on ifindex 36 flags 0x00000001 scope 0
05-16 14:22:29.486  1272  1272 E SurfaceFlinger: MiSurfaceFlingerStub isAnimationScene
05-16 14:22:29.486  3201  4535 W AlarmManager: Unrecognized alarm listener com.android.networkstack.android.net.ip.IpClientLinkObserver$Dhcp6PdPreferredPrefixAlarmListener@3b85266
05-16 14:22:29.487  3201  4535 D ApfFilter: (wlan0): Ignoring RA RA fe80::2223:51ff:fec6:81f4 -> ff02::1 30s 2804:29b8:5099:a8d1::/64 172800s/172800s DNS 10s 2804:29b8:1000:1::17 2804:29b8:1000:1::18  which matches RA fe80::2223:51ff:fec6:81f4 -> ff02::1 30s 2804:29b8:5099:a8d1::/64 172800s/172800s DNS 10s 2804:29b8:1000:1::17 2804:29b8:1000:1::18 
05-16 14:22:29.493  1272  1272 E MI-SF   : MiSurfaceFlingerImpl.cpp.vsyncId=460390115, oldVsyncId=460390107, layerName=br.com.sinalseguro.app/br.com.sinalseguro.app.MainActivity#73121
05-16 14:22:29.493  1272  1272 E MI-SF   : MiSurfaceFlingerImpl.cpp.vsyncId=460390115, mIsContainTask1=0, mIsContainTaskOther=0
05-16 14:22:29.493  1272  1272 E MI-SF   : MiSurfaceFlingerImpl.cpp.vsyncId=460390115, oldVsyncId=460390115, layerName=br.com.sinalseguro.app/br.com.sinalseguro.app.MainActivity#73121
05-16 14:22:29.493  1272  1272 E MI-SF   : MiSurfaceFlingerImpl.cpp.vsyncId=460390115, mIsContainTask1=0, mIsContainTaskOther=0
05-16 14:22:29.494  1272  1272 E SurfaceFlinger: MiSurfaceFlingerStub isAnimationScene
05-16 14:22:29.501  1272  1272 E MI-SF   : MiSurfaceFlingerImpl.cpp.vsyncId=460390123, oldVsyncId=460390115, layerName=br.com.sinalseguro.app/br.com.sinalseguro.app.MainActivity#73121
05-16 14:22:29.502  1272  1272 E MI-SF   : MiSurfaceFlingerImpl.cpp.vsyncId=460390123, mIsContainTask1=0, mIsContainTaskOther=0
05-16 14:22:29.502  1272  1272 E MI-SF   : MiSurfaceFlingerImpl.cpp.vsyncId=460390123, oldVsyncId=460390123, layerName=br.com.sinalseguro.app/br.com.sinalseguro.app.MainActivity#73121
05-16 14:22:29.502  1272  1272 E MI-SF   : MiSurfaceFlingerImpl.cpp.vsyncId=460390123, mIsContainTask1=0, mIsContainTaskOther=0
05-16 14:22:29.502  1272  1272 E SurfaceFlinger: MiSurfaceFlingerStub isAnimationScene
05-16 14:22:29.510  1272  1272 E MI-SF   : MiSurfaceFlingerImpl.cpp.vsyncId=460390131, oldVsyncId=460390123, layerName=br.com.sinalseguro.app/br.com.sinalseguro.app.MainActivity#73121
05-16 14:22:29.510  1272  1272 E MI-SF   : MiSurfaceFlingerImpl.cpp.vsyncId=460390131, mIsContainTask1=0, mIsContainTaskOther=0
05-16 14:22:29.510  1272  1272 E MI-SF   : MiSurfaceFlingerImpl.cpp.vsyncId=460390131, oldVsyncId=460390131, layerName=br.com.sinalseguro.app/br.com.sinalseguro.app.MainActivity#73121
05-16 14:22:29.510  1272  1272 E MI-SF   : MiSurfaceFlingerImpl.cpp.vsyncId=460390131, mIsContainTask1=0, mIsContainTaskOther=0
05-16 14:22:29.511  1272  1272 E SurfaceFlinger: MiSurfaceFlingerStub isAnimationScene
05-16 14:22:29.518  1272  1272 E MI-SF   : MiSurfaceFlingerImpl.cpp.vsyncId=460390139, oldVsyncId=460390131, layerName=br.com.sinalseguro.app/br.com.sinalseguro.app.MainActivity#73121
05-16 14:22:29.518  1272  1272 E MI-SF   : MiSurfaceFlingerImpl.cpp.vsyncId=460390139, mIsContainTask1=0, mIsContainTaskOther=0
05-16 14:22:29.518  1272  1272 E MI-SF   : MiSurfaceFlingerImpl.cpp.vsyncId=460390139, oldVsyncId=460390139, layerName=br.com.sinalseguro.app/br.com.sinalseguro.app.MainActivity#73121
05-16 14:22:29.518  1272  1272 E MI-SF   : MiSurfaceFlingerImpl.cpp.vsyncId=460390139, mIsContainTask1=0, mIsContainTaskOther=0
05-16 14:22:29.519  1272  1272 E SurfaceFlinger: MiSurfaceFlingerStub isAnimationScene
05-16 14:22:29.527  1272  1272 E MI-SF   : MiSurfaceFlingerImpl.cpp.vsyncId=460390147, oldVsyncId=460390139, layerName=br.com.sinalseguro.app/br.com.sinalseguro.app.MainActivity#73121
05-16 14:22:29.527  1272  1272 E MI-SF   : MiSurfaceFlingerImpl.cpp.vsyncId=460390147, mIsContainTask1=0, mIsContainTaskOther=0
05-16 14:22:29.527  1272  1272 E MI-SF   : MiSurfaceFlingerImpl.cpp.vsyncId=460390147, oldVsyncId=460390147, layerName=br.com.sinalseguro.app/br.com.sinalseguro.app.MainActivity#73121
05-16 14:22:29.527  1272  1272 E MI-SF   : MiSurfaceFlingerImpl.cpp.vsyncId=460390147, mIsContainTask1=0, mIsContainTaskOther=0
05-16 14:22:29.527  1272  1272 E SurfaceFlinger: MiSurfaceFlingerStub isAnimationScene
05-16 14:22:29.535  1272  1272 E MI-SF   : MiSurfaceFlingerImpl.cpp.vsyncId=460390155, oldVsyncId=460390147, layerName=br.com.sinalseguro.app/br.com.sinalseguro.app.MainActivity#73121
05-16 14:22:29.535  1272  1272 E MI-SF   : MiSurfaceFlingerImpl.cpp.vsyncId=460390155, mIsContainTask1=0, mIsContainTaskOther=0
05-16 14:22:29.535  1272  1272 E MI-SF   : MiSurfaceFlingerImpl.cpp.vsyncId=460390155, oldVsyncId=460390155, layerName=br.com.sinalseguro.app/br.com.sinalseguro.app.MainActivity#73121
05-16 14:22:29.535  1272  1272 E MI-SF   : MiSurfaceFlingerImpl.cpp.vsyncId=460390155, mIsContainTask1=0, mIsContainTaskOther=0
05-16 14:22:29.535  1272  1272 E SurfaceFlinger: MiSurfaceFlingerStub isAnimationScene
05-16 14:22:29.543  1272  1272 E MI-SF   : MiSurfaceFlingerImpl.cpp.vsyncId=460390163, oldVsyncId=460390155, layerName=br.com.sinalseguro.app/br.com.sinalseguro.app.MainActivity#73121
05-16 14:22:29.543  1272  1272 E MI-SF   : MiSurfaceFlingerImpl.cpp.vsyncId=460390163, mIsContainTask1=0, mIsContainTaskOther=0
05-16 14:22:29.543  1272  1272 E MI-SF   : MiSurfaceFlingerImpl.cpp.vsyncId=460390163, oldVsyncId=460390163, layerName=br.com.sinalseguro.app/br.com.sinalseguro.app.MainActivity#73121
05-16 14:22:29.543  1272  1272 E MI-SF   : MiSurfaceFlingerImpl.cpp.vsyncId=460390163, mIsContainTask1=0, mIsContainTaskOther=0
05-16 14:22:29.544  1272  1272 E SurfaceFlinger: MiSurfaceFlingerStub isAnimationScene
05-16 14:22:29.552  1272  1272 E MI-SF   : MiSurfaceFlingerImpl.cpp.vsyncId=460390171, oldVsyncId=460390163, layerName=br.com.sinalseguro.app/br.com.sinalseguro.app.MainActivity#73121
05-16 14:22:29.552  1272  1272 E MI-SF   : MiSurfaceFlingerImpl.cpp.vsyncId=460390171, mIsContainTask1=0, mIsContainTaskOther=0
05-16 14:22:29.552  1272  1272 E MI-SF   : MiSurfaceFlingerImpl.cpp.vsyncId=460390171, oldVsyncId=460390171, layerName=br.com.sinalseguro.app/br.com.sinalseguro.app.MainActivity#73121
05-16 14:22:29.552  1272  1272 E MI-SF   : MiSurfaceFlingerImpl.cpp.vsyncId=460390171, mIsContainTask1=0, mIsContainTaskOther=0
05-16 14:22:29.552  1272  1272 E SurfaceFlinger: MiSurfaceFlingerStub isAnimationScene
05-16 14:22:29.560  1272  1272 E MI-SF   : MiSurfaceFlingerImpl.cpp.vsyncId=460390179, oldVsyncId=460390171, layerName=br.com.sinalseguro.app/br.com.sinalseguro.app.MainActivity#73121
05-16 14:22:29.560  1272  1272 E MI-SF   : MiSurfaceFlingerImpl.cpp.vsyncId=460390179, mIsContainTask1=0, mIsContainTaskOther=0
05-16 14:22:29.560  1272  1272 E MI-SF   : MiSurfaceFlingerImpl.cpp.vsyncId=460390179, oldVsyncId=460390179, layerName=br.com.sinalseguro.app/br.com.sinalseguro.app.MainActivity#73121
05-16 14:22:29.560  1272  1272 E MI-SF   : MiSurfaceFlingerImpl.cpp.vsyncId=460390179, mIsContainTask1=0, mIsContainTaskOther=0
05-16 14:22:29.561  1272  1272 E SurfaceFlinger: MiSurfaceFlingerStub isAnimationScene
05-16 14:22:29.568  1272  1272 E MI-SF   : MiSurfaceFlingerImpl.cpp.vsyncId=460390187, oldVsyncId=460390179, layerName=br.com.sinalseguro.app/br.com.sinalseguro.app.MainActivity#73121
05-16 14:22:29.568  1272  1272 E MI-SF   : MiSurfaceFlingerImpl.cpp.vsyncId=460390187, mIsContainTask1=0, mIsContainTaskOther=0
05-16 14:22:29.568  1272  1272 E MI-SF   : MiSurfaceFlingerImpl.cpp.vsyncId=460390187, oldVsyncId=460390187, layerName=br.com.sinalseguro.app/br.com.sinalseguro.app.MainActivity#73121
05-16 14:22:29.568  1272  1272 E MI-SF   : MiSurfaceFlingerImpl.cpp.vsyncId=460390187, mIsContainTask1=0, mIsContainTaskOther=0
05-16 14:22:29.569  1272  1272 E SurfaceFlinger: MiSurfaceFlingerStub isAnimationScene
05-16 14:22:29.577  1272  1272 E MI-SF   : MiSurfaceFlingerImpl.cpp.vsyncId=460390195, oldVsyncId=460390187, layerName=br.com.sinalseguro.app/br.com.sinalseguro.app.MainActivity#73121
05-16 14:22:29.577  1272  1272 E MI-SF   : MiSurfaceFlingerImpl.cpp.vsyncId=460390195, mIsContainTask1=0, mIsContainTaskOther=0
05-16 14:22:29.577  1272  1272 E MI-SF   : MiSurfaceFlingerImpl.cpp.vsyncId=460390195, oldVsyncId=460390195, layerName=br.com.sinalseguro.app/br.com.sinalseguro.app.MainActivity#73121
05-16 14:22:29.577  1272  1272 E MI-SF   : MiSurfaceFlingerImpl.cpp.vsyncId=460390195, mIsContainTask1=0, mIsContainTaskOther=0
05-16 14:22:29.577  1272  1272 E SurfaceFlinger: MiSurfaceFlingerStub isAnimationScene
05-16 14:22:29.585  1272  1272 E MI-SF   : MiSurfaceFlingerImpl.cpp.vsyncId=460390203, oldVsyncId=460390195, layerName=br.com.sinalseguro.app/br.com.sinalseguro.app.MainActivity#73121
05-16 14:22:29.585  1272  1272 E MI-SF   : MiSurfaceFlingerImpl.cpp.vsyncId=460390203, mIsContainTask1=0, mIsContainTaskOther=0
05-16 14:22:29.585  1272  1272 E MI-SF   : MiSurfaceFlingerImpl.cpp.vsyncId=460390203, oldVsyncId=460390203, layerName=br.com.sinalseguro.app/br.com.sinalseguro.app.MainActivity#73121
05-16 14:22:29.585  1272  1272 E MI-SF   : MiSurfaceFlingerImpl.cpp.vsyncId=460390203, mIsContainTask1=0, mIsContainTaskOther=0
05-16 14:22:29.586  1272  1272 E SurfaceFlinger: MiSurfaceFlingerStub isAnimationScene
05-16 14:22:29.593  3201  4535 D IpClient/wlan0: addressUpdated: 2804:29b8:5099:a8d1:ac78:fdff:fe50:e419/64 on ifindex 36 flags 0x00000100 scope 0
05-16 14:22:29.593  1272  1272 E MI-SF   : MiSurfaceFlingerImpl.cpp.vsyncId=460390211, oldVsyncId=460390203, layerName=br.com.sinalseguro.app/br.com.sinalseguro.app.MainActivity#73121
05-16 14:22:29.594  1272  1272 E MI-SF   : MiSurfaceFlingerImpl.cpp.vsyncId=460390211, mIsContainTask1=0, mIsContainTaskOther=0
05-16 14:22:29.594  1272  1272 E MI-SF   : MiSurfaceFlingerImpl.cpp.vsyncId=460390211, oldVsyncId=460390211, layerName=br.com.sinalseguro.app/br.com.sinalseguro.app.MainActivity#73121
05-16 14:22:29.594  1272  1272 E MI-SF   : MiSurfaceFlingerImpl.cpp.vsyncId=460390211, mIsContainTask1=0, mIsContainTaskOther=0
05-16 14:22:29.594  3201  4535 D IpClient/wlan0: addressUpdated: 2804:29b8:5099:a8d1:2ec3:12f3:4791:b404/64 on ifindex 36 flags 0x00000001 scope 0
05-16 14:22:29.594  3201  4535 W AlarmManager: Unrecognized alarm listener com.android.networkstack.android.net.ip.IpClientLinkObserver$Dhcp6PdPreferredPrefixAlarmListener@3b85266
05-16 14:22:29.594  1272  1272 E SurfaceFlinger: MiSurfaceFlingerStub isAnimationScene
05-16 14:22:29.594  3201  4535 D ApfFilter: (wlan0): Ignoring RA RA fe80::2223:51ff:fec6:81f4 -> ff02::1 30s 2804:29b8:5099:a8d1::/64 172800s/172800s DNS 10s 2804:29b8:1000:1::17 2804:29b8:1000:1::18  which matches RA fe80::2223:51ff:fec6:81f4 -> ff02::1 30s 2804:29b8:5099:a8d1::/64 172800s/172800s DNS 10s 2804:29b8:1000:1::17 2804:29b8:1000:1::18 
05-16 14:22:29.602  1272  1272 E MI-SF   : MiSurfaceFlingerImpl.cpp.vsyncId=460390219, oldVsyncId=460390211, layerName=br.com.sinalseguro.app/br.com.sinalseguro.app.MainActivity#73121
05-16 14:22:29.602  1272  1272 E MI-SF   : MiSurfaceFlingerImpl.cpp.vsyncId=460390219, mIsContainTask1=0, mIsContainTaskOther=0
05-16 14:22:29.602  1272  1272 E MI-SF   : MiSurfaceFlingerImpl.cpp.vsyncId=460390219, oldVsyncId=460390219, layerName=br.com.sinalseguro.app/br.com.sinalseguro.app.MainActivity#73121
05-16 14:22:29.602  1272  1272 E MI-SF   : MiSurfaceFlingerImpl.cpp.vsyncId=460390219, mIsContainTask1=0, mIsContainTaskOther=0
05-16 14:22:29.602  1272  1272 E SurfaceFlinger: MiSurfaceFlingerStub isAnimationScene
05-16 14:22:29.610  1272  1272 E MI-SF   : MiSurfaceFlingerImpl.cpp.vsyncId=460390227, oldVsyncId=460390219, layerName=br.com.sinalseguro.app/br.com.sinalseguro.app.MainActivity#73121
05-16 14:22:29.610  1272  1272 E MI-SF   : MiSurfaceFlingerImpl.cpp.vsyncId=460390227, mIsContainTask1=0, mIsContainTaskOther=0
05-16 14:22:29.610  1272  1272 E MI-SF   : MiSurfaceFlingerImpl.cpp.vsyncId=460390227, oldVsyncId=460390227, layerName=br.com.sinalseguro.app/br.com.sinalseguro.app.MainActivity#73121
05-16 14:22:29.610  1272  1272 E MI-SF   : MiSurfaceFlingerImpl.cpp.vsyncId=460390227, mIsContainTask1=0, mIsContainTaskOther=0
05-16 14:22:29.611  1272  1272 E SurfaceFlinger: MiSurfaceFlingerStub isAnimationScene
05-16 14:22:29.618  1272  1272 E MI-SF   : MiSurfaceFlingerImpl.cpp.vsyncId=460390235, oldVsyncId=460390227, layerName=br.com.sinalseguro.app/br.com.sinalseguro.app.MainActivity#73121
05-16 14:22:29.618  1272  1272 E MI-SF   : MiSurfaceFlingerImpl.cpp.vsyncId=460390235, mIsContainTask1=0, mIsContainTaskOther=0
05-16 14:22:29.618  1272  1272 E MI-SF   : MiSurfaceFlingerImpl.cpp.vsyncId=460390235, oldVsyncId=460390235, layerName=br.com.sinalseguro.app/br.com.sinalseguro.app.MainActivity#73121
05-16 14:22:29.618  1272  1272 E MI-SF   : MiSurfaceFlingerImpl.cpp.vsyncId=460390235, mIsContainTask1=0, mIsContainTaskOther=0
05-16 14:22:29.619  1272  1272 E SurfaceFlinger: MiSurfaceFlingerStub isAnimationScene
05-16 14:22:29.625  2431  3236 D SLM-SRV-SLAService: checktemp temperature = 37120 temperature_average = 36941 isPerformanceMode = false thermal_enable_slm = true
05-16 14:22:29.627  1272  1272 E MI-SF   : MiSurfaceFlingerImpl.cpp.vsyncId=460390243, oldVsyncId=460390235, layerName=br.com.sinalseguro.app/br.com.sinalseguro.app.MainActivity#73121
05-16 14:22:29.627  1272  1272 E MI-SF   : MiSurfaceFlingerImpl.cpp.vsyncId=460390243, mIsContainTask1=0, mIsContainTaskOther=0
05-16 14:22:29.627  1272  1272 E MI-SF   : MiSurfaceFlingerImpl.cpp.vsyncId=460390243, oldVsyncId=460390243, layerName=br.com.sinalseguro.app/br.com.sinalseguro.app.MainActivity#73121
05-16 14:22:29.627  1272  1272 E MI-SF   : MiSurfaceFlingerImpl.cpp.vsyncId=460390243, mIsContainTask1=0, mIsContainTaskOther=0
05-16 14:22:29.627  1272  1272 E SurfaceFlinger: MiSurfaceFlingerStub isAnimationScene
05-16 14:22:29.635  1272  1272 E MI-SF   : MiSurfaceFlingerImpl.cpp.vsyncId=460390251, oldVsyncId=460390243, layerName=br.com.sinalseguro.app/br.com.sinalseguro.app.MainActivity#73121
05-16 14:22:29.635  1272  1272 E MI-SF   : MiSurfaceFlingerImpl.cpp.vsyncId=460390251, mIsContainTask1=0, mIsContainTaskOther=0
05-16 14:22:29.635  1272  1272 E MI-SF   : MiSurfaceFlingerImpl.cpp.vsyncId=460390251, oldVsyncId=460390251, layerName=br.com.sinalseguro.app/br.com.sinalseguro.app.MainActivity#73121
05-16 14:22:29.635  1272  1272 E MI-SF   : MiSurfaceFlingerImpl.cpp.vsyncId=460390251, mIsContainTask1=0, mIsContainTaskOther=0
05-16 14:22:29.636  1272  1272 E SurfaceFlinger: MiSurfaceFlingerStub isAnimationScene
05-16 14:22:29.644  1272  1272 E MI-SF   : MiSurfaceFlingerImpl.cpp.vsyncId=460390259, oldVsyncId=460390251, layerName=br.com.sinalseguro.app/br.com.sinalseguro.app.MainActivity#73121
05-16 14:22:29.644  1272  1272 E MI-SF   : MiSurfaceFlingerImpl.cpp.vsyncId=460390259, mIsContainTask1=0, mIsContainTaskOther=0
05-16 14:22:29.644  1272  1272 E MI-SF   : MiSurfaceFlingerImpl.cpp.vsyncId=460390259, oldVsyncId=460390259, layerName=br.com.sinalseguro.app/br.com.sinalseguro.app.MainActivity#73121
05-16 14:22:29.644  1272  1272 E MI-SF   : MiSurfaceFlingerImpl.cpp.vsyncId=460390259, mIsContainTask1=0, mIsContainTaskOther=0
05-16 14:22:29.644  1272  1272 E SurfaceFlinger: MiSurfaceFlingerStub isAnimationScene
05-16 14:22:29.647  3224  4655 I AdapterProperties: getBondedDevices: length=12
05-16 14:22:29.647  3224  4655 D BtGatt.GattService: getDeviceType() - device=XX:XX:XX:XX:D7:B6, type=1
05-16 14:22:29.647  3224  4655 D BtGatt.GattService: getDeviceType() - device=XX:XX:XX:XX:38:67, type=1
05-16 14:22:29.647  3224  4655 D BtGatt.GattService: getDeviceType() - device=XX:XX:XX:XX:15:25, type=3
05-16 14:22:29.647  3224  4655 D BtGatt.GattService: getDeviceType() - device=XX:XX:XX:XX:B2:E6, type=3
05-16 14:22:29.648  3224  4655 D BtGatt.GattService: getDeviceType() - device=XX:XX:XX:XX:D4:CD, type=1
05-16 14:22:29.648  3224  4655 D BtGatt.GattService: getDeviceType() - device=XX:XX:XX:XX:60:45, type=1
05-16 14:22:29.648  3224  4655 D BtGatt.GattService: getDeviceType() - device=XX:XX:XX:XX:14:E2, type=3
05-16 14:22:29.648  3224  4655 D BtGatt.GattService: getDeviceType() - device=XX:XX:XX:XX:2C:55, type=3
05-16 14:22:29.648  3224  4655 D BtGatt.GattService: getDeviceType() - device=XX:XX:XX:XX:FC:D0, type=2
05-16 14:22:29.648  3224  4655 D BtGatt.GattService: getDeviceType() - device=XX:XX:XX:XX:C1:27, type=1
05-16 14:22:29.648  3224  4655 D BtGatt.GattService: getDeviceType() - device=XX:XX:XX:XX:29:01, type=3
05-16 14:22:29.648  3224  4655 D BtGatt.GattService: getDeviceType() - device=XX:XX:XX:XX:30:EE, type=2
05-16 14:22:29.650  2431  3355 I WifiService: getConnectionInfo uid=1000
05-16 14:22:29.650  2431  3355 V WifiService: Clearing REDACT_FOR_LOCAL_MAC_ADDRESS for com.miui.powerkeeper(uid=1000)
05-16 14:22:29.650  2431  3355 V WifiService: Clearing REDACT_FOR_NETWORK_SETTINGS for com.miui.powerkeeper(uid=1000)
05-16 14:22:29.650  2431  3355 V WifiService: Clearing REDACT_FOR_ACCESS_FINE_LOCATION for com.miui.powerkeeper(uid=1000)
05-16 14:22:29.650  2431  3355 I WifiService: getConnectionInfo uid=1000
05-16 14:22:29.650  2431  3355 V WifiService: Clearing REDACT_FOR_LOCAL_MAC_ADDRESS for com.miui.powerkeeper(uid=1000)
05-16 14:22:29.650  2431  3355 V WifiService: Clearing REDACT_FOR_NETWORK_SETTINGS for com.miui.powerkeeper(uid=1000)
05-16 14:22:29.650  2431  3355 V WifiService: Clearing REDACT_FOR_ACCESS_FINE_LOCATION for com.miui.powerkeeper(uid=1000)
05-16 14:22:29.652  1272  1272 E MI-SF   : MiSurfaceFlingerImpl.cpp.vsyncId=460390267, oldVsyncId=460390259, layerName=br.com.sinalseguro.app/br.com.sinalseguro.app.MainActivity#73121
05-16 14:22:29.652  1272  1272 E MI-SF   : MiSurfaceFlingerImpl.cpp.vsyncId=460390267, mIsContainTask1=0, mIsContainTaskOther=0
05-16 14:22:29.652  1272  1272 E MI-SF   : MiSurfaceFlingerImpl.cpp.vsyncId=460390267, oldVsyncId=460390267, layerName=br.com.sinalseguro.app/br.com.sinalseguro.app.MainActivity#73121
05-16 14:22:29.652  1272  1272 E MI-SF   : MiSurfaceFlingerImpl.cpp.vsyncId=460390267, mIsContainTask1=0, mIsContainTaskOther=0
05-16 14:22:29.652  1272  1272 E SurfaceFlinger: MiSurfaceFlingerStub isAnimationScene
05-16 14:22:29.653  2431  3355 I WifiService: getWifiEnabledState uid=1000 state=3
05-16 14:22:29.654  2431  3355 I WifiService: getWifiApEnabledState uid=1000
05-16 14:22:29.660  1272  1272 E MI-SF   : MiSurfaceFlingerImpl.cpp.vsyncId=460390275, oldVsyncId=460390267, layerName=br.com.sinalseguro.app/br.com.sinalseguro.app.MainActivity#73121
05-16 14:22:29.660  1272  1272 E MI-SF   : MiSurfaceFlingerImpl.cpp.vsyncId=460390275, mIsContainTask1=0, mIsContainTaskOther=0
05-16 14:22:29.660  1272  1272 E MI-SF   : MiSurfaceFlingerImpl.cpp.vsyncId=460390275, oldVsyncId=460390275, layerName=br.com.sinalseguro.app/br.com.sinalseguro.app.MainActivity#73121
05-16 14:22:29.660  1272  1272 E MI-SF   : MiSurfaceFlingerImpl.cpp.vsyncId=460390275, mIsContainTask1=0, mIsContainTaskOther=0
05-16 14:22:29.661  1272  1272 E SurfaceFlinger: MiSurfaceFlingerStub isAnimationScene
05-16 14:22:29.669  1272  1272 E MI-SF   : MiSurfaceFlingerImpl.cpp.vsyncId=460390283, oldVsyncId=460390275, layerName=br.com.sinalseguro.app/br.com.sinalseguro.app.MainActivity#73121
05-16 14:22:29.669  1272  1272 E MI-SF   : MiSurfaceFlingerImpl.cpp.vsyncId=460390283, mIsContainTask1=0, mIsContainTaskOther=0
05-16 14:22:29.669  1272  1272 E MI-SF   : MiSurfaceFlingerImpl.cpp.vsyncId=460390283, oldVsyncId=460390283, layerName=br.com.sinalseguro.app/br.com.sinalseguro.app.MainActivity#73121
05-16 14:22:29.669  1272  1272 E MI-SF   : MiSurfaceFlingerImpl.cpp.vsyncId=460390283, mIsContainTask1=0, mIsContainTaskOther=0
05-16 14:22:29.669  1272  1272 E SurfaceFlinger: MiSurfaceFlingerStub isAnimationScene
05-16 14:22:29.677  1272  1272 E MI-SF   : MiSurfaceFlingerImpl.cpp.vsyncId=460390291, oldVsyncId=460390283, layerName=br.com.sinalseguro.app/br.com.sinalseguro.app.MainActivity#73121
05-16 14:22:29.677  1272  1272 E MI-SF   : MiSurfaceFlingerImpl.cpp.vsyncId=460390291, mIsContainTask1=0, mIsContainTaskOther=0
05-16 14:22:29.677  1272  1272 E MI-SF   : MiSurfaceFlingerImpl.cpp.vsyncId=460390291, oldVsyncId=460390291, layerName=br.com.sinalseguro.app/br.com.sinalseguro.app.MainActivity#73121
05-16 14:22:29.677  1272  1272 E MI-SF   : MiSurfaceFlingerImpl.cpp.vsyncId=460390291, mIsContainTask1=0, mIsContainTaskOther=0
05-16 14:22:29.678  1272  1272 E SurfaceFlinger: MiSurfaceFlingerStub isAnimationScene
05-16 14:22:29.685  1272  1272 E MI-SF   : MiSurfaceFlingerImpl.cpp.vsyncId=460390299, oldVsyncId=460390291, layerName=br.com.sinalseguro.app/br.com.sinalseguro.app.MainActivity#73121
05-16 14:22:29.685  1272  1272 E MI-SF   : MiSurfaceFlingerImpl.cpp.vsyncId=460390299, mIsContainTask1=0, mIsContainTaskOther=0
05-16 14:22:29.685  1272  1272 E MI-SF   : MiSurfaceFlingerImpl.cpp.vsyncId=460390299, oldVsyncId=460390299, layerName=br.com.sinalseguro.app/br.com.sinalseguro.app.MainActivity#73121
05-16 14:22:29.685  1272  1272 E MI-SF   : MiSurfaceFlingerImpl.cpp.vsyncId=460390299, mIsContainTask1=0, mIsContainTaskOther=0
05-16 14:22:29.686  1272  1272 E SurfaceFlinger: MiSurfaceFlingerStub isAnimationScene
05-16 14:22:29.692 10343 10693 I libc    : kill: send 15 to pid 15122
05-16 14:22:29.694  1272  1272 E MI-SF   : MiSurfaceFlingerImpl.cpp.vsyncId=460390307, oldVsyncId=460390299, layerName=br.com.sinalseguro.app/br.com.sinalseguro.app.MainActivity#73121
05-16 14:22:29.694  1272  1272 E MI-SF   : MiSurfaceFlingerImpl.cpp.vsyncId=460390307, mIsContainTask1=0, mIsContainTaskOther=0
05-16 14:22:29.694  1272  1272 E MI-SF   : MiSurfaceFlingerImpl.cpp.vsyncId=460390307, oldVsyncId=460390307, layerName=br.com.sinalseguro.app/br.com.sinalseguro.app.MainActivity#73121
05-16 14:22:29.694  1272  1272 E MI-SF   : MiSurfaceFlingerImpl.cpp.vsyncId=460390307, mIsContainTask1=0, mIsContainTaskOther=0
05-16 14:22:29.694  1272  1272 E SurfaceFlinger: MiSurfaceFlingerStub isAnimationScene
05-16 14:22:29.702  1272  1272 E MI-SF   : MiSurfaceFlingerImpl.cpp.vsyncId=460390315, oldVsyncId=460390307, layerName=br.com.sinalseguro.app/br.com.sinalseguro.app.MainActivity#73121
05-16 14:22:29.702  1272  1272 E MI-SF   : MiSurfaceFlingerImpl.cpp.vsyncId=460390315, mIsContainTask1=0, mIsContainTaskOther=0
05-16 14:22:29.702  1272  1272 E MI-SF   : MiSurfaceFlingerImpl.cpp.vsyncId=460390315, oldVsyncId=460390315, layerName=br.com.sinalseguro.app/br.com.sinalseguro.app.MainActivity#73121
05-16 14:22:29.702  1272  1272 E MI-SF   : MiSurfaceFlingerImpl.cpp.vsyncId=460390315, mIsContainTask1=0, mIsContainTaskOther=0
05-16 14:22:29.703  1272  1272 E SurfaceFlinger: MiSurfaceFlingerStub isAnimationScene
05-16 14:22:29.710  1272  1272 E MI-SF   : MiSurfaceFlingerImpl.cpp.vsyncId=460390323, oldVsyncId=460390315, layerName=br.com.sinalseguro.app/br.com.sinalseguro.app.MainActivity#73121
05-16 14:22:29.710  1272  1272 E MI-SF   : MiSurfaceFlingerImpl.cpp.vsyncId=460390323, mIsContainTask1=0, mIsContainTaskOther=0
05-16 14:22:29.710  1272  1272 E MI-SF   : MiSurfaceFlingerImpl.cpp.vsyncId=460390323, oldVsyncId=460390323, layerName=br.com.sinalseguro.app/br.com.sinalseguro.app.MainActivity#73121
05-16 14:22:29.710  1272  1272 E MI-SF   : MiSurfaceFlingerImpl.cpp.vsyncId=460390323, mIsContainTask1=0, mIsContainTaskOther=0
05-16 14:22:29.711  1272  1272 E SurfaceFlinger: MiSurfaceFlingerStub isAnimationScene
05-16 14:22:29.716  3224  3484 W bluetooth: packages/modules/MiuiBluetooth/system/bta/jv/bta_jv_act.cc:2184 bta_jv_idle_timeout_handler: : true
05-16 14:22:29.719  1272  1272 E MI-SF   : MiSurfaceFlingerImpl.cpp.vsyncId=460390331, oldVsyncId=460390323, layerName=br.com.sinalseguro.app/br.com.sinalseguro.app.MainActivity#73121
05-16 14:22:29.719  1272  1272 E MI-SF   : MiSurfaceFlingerImpl.cpp.vsyncId=460390331, mIsContainTask1=0, mIsContainTaskOther=0
05-16 14:22:29.719  1272  1272 E MI-SF   : MiSurfaceFlingerImpl.cpp.vsyncId=460390331, oldVsyncId=460390331, layerName=br.com.sinalseguro.app/br.com.sinalseguro.app.MainActivity#73121
05-16 14:22:29.719  1272  1272 E MI-SF   : MiSurfaceFlingerImpl.cpp.vsyncId=460390331, mIsContainTask1=0, mIsContainTaskOther=0
05-16 14:22:29.719  1272  1272 E SurfaceFlinger: MiSurfaceFlingerStub isAnimationScene
05-16 14:22:29.727  1272  1272 E MI-SF   : MiSurfaceFlingerImpl.cpp.vsyncId=460390339, oldVsyncId=460390331, layerName=br.com.sinalseguro.app/br.com.sinalseguro.app.MainActivity#73121
05-16 14:22:29.727  1272  1272 E MI-SF   : MiSurfaceFlingerImpl.cpp.vsyncId=460390339, mIsContainTask1=0, mIsContainTaskOther=0
05-16 14:22:29.727  1272  1272 E MI-SF   : MiSurfaceFlingerImpl.cpp.vsyncId=460390339, oldVsyncId=460390339, layerName=br.com.sinalseguro.app/br.com.sinalseguro.app.MainActivity#73121
05-16 14:22:29.727  1272  1272 E MI-SF   : MiSurfaceFlingerImpl.cpp.vsyncId=460390339, mIsContainTask1=0, mIsContainTaskOther=0
05-16 14:22:29.728  1272  1272 E SurfaceFlinger: MiSurfaceFlingerStub isAnimationScene
05-16 14:22:29.735  1272  1272 E MI-SF   : MiSurfaceFlingerImpl.cpp.vsyncId=460390347, oldVsyncId=460390339, layerName=br.com.sinalseguro.app/br.com.sinalseguro.app.MainActivity#73121
05-16 14:22:29.735  1272  1272 E MI-SF   : MiSurfaceFlingerImpl.cpp.vsyncId=460390347, mIsContainTask1=0, mIsContainTaskOther=0
05-16 14:22:29.735  1272  1272 E MI-SF   : MiSurfaceFlingerImpl.cpp.vsyncId=460390347, oldVsyncId=460390347, layerName=br.com.sinalseguro.app/br.com.sinalseguro.app.MainActivity#73121
05-16 14:22:29.735  1272  1272 E MI-SF   : MiSurfaceFlingerImpl.cpp.vsyncId=460390347, mIsContainTask1=0, mIsContainTaskOther=0
05-16 14:22:29.736  1272  1272 E SurfaceFlinger: MiSurfaceFlingerStub isAnimationScene
05-16 14:22:29.744  1272  1272 E MI-SF   : MiSurfaceFlingerImpl.cpp.vsyncId=460390355, oldVsyncId=460390347, layerName=br.com.sinalseguro.app/br.com.sinalseguro.app.MainActivity#73121
05-16 14:22:29.744  1272  1272 E MI-SF   : MiSurfaceFlingerImpl.cpp.vsyncId=460390355, mIsContainTask1=0, mIsContainTaskOther=0
05-16 14:22:29.744  1272  1272 E MI-SF   : MiSurfaceFlingerImpl.cpp.vsyncId=460390355, oldVsyncId=460390355, layerName=br.com.sinalseguro.app/br.com.sinalseguro.app.MainActivity#73121
05-16 14:22:29.744  1272  1272 E MI-SF   : MiSurfaceFlingerImpl.cpp.vsyncId=460390355, mIsContainTask1=0, mIsContainTaskOther=0
05-16 14:22:29.744  1272  1272 E SurfaceFlinger: MiSurfaceFlingerStub isAnimationScene
05-16 14:22:29.752  1272  1272 E MI-SF   : MiSurfaceFlingerImpl.cpp.vsyncId=460390363, oldVsyncId=460390355, layerName=br.com.sinalseguro.app/br.com.sinalseguro.app.MainActivity#73121
05-16 14:22:29.752  1272  1272 E MI-SF   : MiSurfaceFlingerImpl.cpp.vsyncId=460390363, mIsContainTask1=0, mIsContainTaskOther=0
05-16 14:22:29.752  1272  1272 E MI-SF   : MiSurfaceFlingerImpl.cpp.vsyncId=460390363, oldVsyncId=460390363, layerName=br.com.sinalseguro.app/br.com.sinalseguro.app.MainActivity#73121
05-16 14:22:29.752  1272  1272 E MI-SF   : MiSurfaceFlingerImpl.cpp.vsyncId=460390363, mIsContainTask1=0, mIsContainTaskOther=0
05-16 14:22:29.753  1272  1272 E SurfaceFlinger: MiSurfaceFlingerStub isAnimationScene
05-16 14:22:29.760  1272  1272 E MI-SF   : MiSurfaceFlingerImpl.cpp.vsyncId=460390371, oldVsyncId=460390363, layerName=br.com.sinalseguro.app/br.com.sinalseguro.app.MainActivity#73121
05-16 14:22:29.760  1272  1272 E MI-SF   : MiSurfaceFlingerImpl.cpp.vsyncId=460390371, mIsContainTask1=0, mIsContainTaskOther=0
05-16 14:22:29.760  1272  1272 E MI-SF   : MiSurfaceFlingerImpl.cpp.vsyncId=460390371, oldVsyncId=460390371, layerName=br.com.sinalseguro.app/br.com.sinalseguro.app.MainActivity#73121
05-16 14:22:29.760  1272  1272 E MI-SF   : MiSurfaceFlingerImpl.cpp.vsyncId=460390371, mIsContainTask1=0, mIsContainTaskOther=0
05-16 14:22:29.761  1272  1272 E SurfaceFlinger: MiSurfaceFlingerStub isAnimationScene
05-16 14:22:29.769  1272  1272 E MI-SF   : MiSurfaceFlingerImpl.cpp.vsyncId=460390379, oldVsyncId=460390371, layerName=br.com.sinalseguro.app/br.com.sinalseguro.app.MainActivity#73121
05-16 14:22:29.769  1272  1272 E MI-SF   : MiSurfaceFlingerImpl.cpp.vsyncId=460390379, mIsContainTask1=0, mIsContainTaskOther=0
05-16 14:22:29.769  1272  1272 E MI-SF   : MiSurfaceFlingerImpl.cpp.vsyncId=460390379, oldVsyncId=460390379, layerName=br.com.sinalseguro.app/br.com.sinalseguro.app.MainActivity#73121
05-16 14:22:29.769  1272  1272 E MI-SF   : MiSurfaceFlingerImpl.cpp.vsyncId=460390379, mIsContainTask1=0, mIsContainTaskOther=0
05-16 14:22:29.769  1272  1272 E SurfaceFlinger: MiSurfaceFlingerStub isAnimationScene
05-16 14:22:29.777  1272  1272 E MI-SF   : MiSurfaceFlingerImpl.cpp.vsyncId=460390387, oldVsyncId=460390379, layerName=br.com.sinalseguro.app/br.com.sinalseguro.app.MainActivity#73121
05-16 14:22:29.777  1272  1272 E MI-SF   : MiSurfaceFlingerImpl.cpp.vsyncId=460390387, mIsContainTask1=0, mIsContainTaskOther=0
05-16 14:22:29.777  1272  1272 E MI-SF   : MiSurfaceFlingerImpl.cpp.vsyncId=460390387, oldVsyncId=460390387, layerName=br.com.sinalseguro.app/br.com.sinalseguro.app.MainActivity#73121
05-16 14:22:29.777  1272  1272 E MI-SF   : MiSurfaceFlingerImpl.cpp.vsyncId=460390387, mIsContainTask1=0, mIsContainTaskOther=0
05-16 14:22:29.778  1272  1272 E SurfaceFlinger: MiSurfaceFlingerStub isAnimationScene
05-16 14:22:29.785  1272  1272 E MI-SF   : MiSurfaceFlingerImpl.cpp.vsyncId=460390395, oldVsyncId=460390387, layerName=br.com.sinalseguro.app/br.com.sinalseguro.app.MainActivity#73121
05-16 14:22:29.785  1272  1272 E MI-SF   : MiSurfaceFlingerImpl.cpp.vsyncId=460390395, mIsContainTask1=0, mIsContainTaskOther=0
05-16 14:22:29.785  1272  1272 E MI-SF   : MiSurfaceFlingerImpl.cpp.vsyncId=460390395, oldVsyncId=460390395, layerName=br.com.sinalseguro.app/br.com.sinalseguro.app.MainActivity#73121
05-16 14:22:29.785  1272  1272 E MI-SF   : MiSurfaceFlingerImpl.cpp.vsyncId=460390395, mIsContainTask1=0, mIsContainTaskOther=0
05-16 14:22:29.786  1272  1272 E SurfaceFlinger: MiSurfaceFlingerStub isAnimationScene
05-16 14:22:29.794  1272  1272 E MI-SF   : MiSurfaceFlingerImpl.cpp.vsyncId=460390403, oldVsyncId=460390395, layerName=br.com.sinalseguro.app/br.com.sinalseguro.app.MainActivity#73121
05-16 14:22:29.794  1272  1272 E MI-SF   : MiSurfaceFlingerImpl.cpp.vsyncId=460390403, mIsContainTask1=0, mIsContainTaskOther=0
05-16 14:22:29.794  1272  1272 E MI-SF   : MiSurfaceFlingerImpl.cpp.vsyncId=460390403, oldVsyncId=460390403, layerName=br.com.sinalseguro.app/br.com.sinalseguro.app.MainActivity#73121
05-16 14:22:29.794  1272  1272 E MI-SF   : MiSurfaceFlingerImpl.cpp.vsyncId=460390403, mIsContainTask1=0, mIsContainTaskOther=0
05-16 14:22:29.794  1272  1272 E SurfaceFlinger: MiSurfaceFlingerStub isAnimationScene
05-16 14:22:29.802  1272  1272 E MI-SF   : MiSurfaceFlingerImpl.cpp.vsyncId=460390411, oldVsyncId=460390403, layerName=br.com.sinalseguro.app/br.com.sinalseguro.app.MainActivity#73121
05-16 14:22:29.802  1272  1272 E MI-SF   : MiSurfaceFlingerImpl.cpp.vsyncId=460390411, mIsContainTask1=0, mIsContainTaskOther=0
05-16 14:22:29.803  1272  1272 E SurfaceFlinger: MiSurfaceFlingerStub isAnimationScene
05-16 14:22:29.839 15040 15074 W unknown:ReactNative: StatusBarModule: Ignored status bar change, current activity is edge-to-edge.
05-16 14:22:29.840 15040 15074 W unknown:ReactNative: StatusBarModule: Ignored status bar change, current activity is edge-to-edge.
05-16 14:22:29.863 12238 12238 D TouchInteractionService: onSystemUiFlagsChanged, mSystemUiStateFlags=10000030
05-16 14:22:29.877  1272  1272 E MI-SF   : MiSurfaceFlingerImpl.cpp.vsyncId=460390462, oldVsyncId=460390411, layerName=38db712 br.com.sinalseguro.app/br.com.sinalseguro.app.MainActivity#73120
05-16 14:22:29.878  1272  1272 E MI-SF   : MiSurfaceFlingerImpl.cpp.vsyncId=460390462, mIsContainTask1=0, mIsContainTaskOther=0
05-16 14:22:29.878  1272  1272 E MI-SF   : MiSurfaceFlingerImpl.cpp.vsyncId=460390462, oldVsyncId=460390462, layerName=br.com.sinalseguro.app/br.com.sinalseguro.app.MainActivity#73121
05-16 14:22:29.878  1272  1272 E MI-SF   : MiSurfaceFlingerImpl.cpp.vsyncId=460390462, mIsContainTask1=0, mIsContainTaskOther=0
05-16 14:22:29.878  1272  1272 E SurfaceFlinger: MiSurfaceFlingerStub isAnimationScene
05-16 14:22:29.886  1272  1272 E MI-SF   : MiSurfaceFlingerImpl.cpp.vsyncId=460390477, oldVsyncId=460390462, layerName=br.com.sinalseguro.app/br.com.sinalseguro.app.MainActivity#73121
05-16 14:22:29.886  1272  1272 E MI-SF   : MiSurfaceFlingerImpl.cpp.vsyncId=460390477, mIsContainTask1=0, mIsContainTaskOther=0
05-16 14:22:29.887  1272  1272 E SurfaceFlinger: MiSurfaceFlingerStub isAnimationScene
05-16 14:22:29.894  1272  1272 E MI-SF   : MiSurfaceFlingerImpl.cpp.vsyncId=460390492, oldVsyncId=460390477, layerName=br.com.sinalseguro.app/br.com.sinalseguro.app.MainActivity#73121
05-16 14:22:29.894  1272  1272 E MI-SF   : MiSurfaceFlingerImpl.cpp.vsyncId=460390492, mIsContainTask1=0, mIsContainTaskOther=0
05-16 14:22:29.895  1272  1272 E SurfaceFlinger: MiSurfaceFlingerStub isAnimationScene
05-16 14:22:29.902  1272  1272 E MI-SF   : MiSurfaceFlingerImpl.cpp.vsyncId=460390500, oldVsyncId=460390492, layerName=br.com.sinalseguro.app/br.com.sinalseguro.app.MainActivity#73121
05-16 14:22:29.902  1272  1272 E MI-SF   : MiSurfaceFlingerImpl.cpp.vsyncId=460390500, mIsContainTask1=0, mIsContainTaskOther=0
05-16 14:22:29.903  1272  1272 E SurfaceFlinger: MiSurfaceFlingerStub isAnimationScene
05-16 14:22:29.911  1272  1272 E MI-SF   : MiSurfaceFlingerImpl.cpp.vsyncId=460390508, oldVsyncId=460390500, layerName=br.com.sinalseguro.app/br.com.sinalseguro.app.MainActivity#73121
05-16 14:22:29.911  1272  1272 E MI-SF   : MiSurfaceFlingerImpl.cpp.vsyncId=460390508, mIsContainTask1=0, mIsContainTaskOther=0
05-16 14:22:29.911  1272  1272 E SurfaceFlinger: MiSurfaceFlingerStub isAnimationScene
05-16 14:22:29.919  1272  1272 E MI-SF   : MiSurfaceFlingerImpl.cpp.vsyncId=460390516, oldVsyncId=460390508, layerName=br.com.sinalseguro.app/br.com.sinalseguro.app.MainActivity#73121
05-16 14:22:29.919  1272  1272 E MI-SF   : MiSurfaceFlingerImpl.cpp.vsyncId=460390516, mIsContainTask1=0, mIsContainTaskOther=0
05-16 14:22:29.920  1272  1272 E SurfaceFlinger: MiSurfaceFlingerStub isAnimationScene
05-16 14:22:29.927  1272  1272 E MI-SF   : MiSurfaceFlingerImpl.cpp.vsyncId=460390524, oldVsyncId=460390516, layerName=br.com.sinalseguro.app/br.com.sinalseguro.app.MainActivity#73121
05-16 14:22:29.928  1272  1272 E MI-SF   : MiSurfaceFlingerImpl.cpp.vsyncId=460390524, mIsContainTask1=0, mIsContainTaskOther=0
05-16 14:22:29.928  1272  1272 E SurfaceFlinger: MiSurfaceFlingerStub isAnimationScene
05-16 14:22:29.936  1272  1272 E MI-SF   : MiSurfaceFlingerImpl.cpp.vsyncId=460390532, oldVsyncId=460390524, layerName=br.com.sinalseguro.app/br.com.sinalseguro.app.MainActivity#73121
05-16 14:22:29.936  1272  1272 E MI-SF   : MiSurfaceFlingerImpl.cpp.vsyncId=460390532, mIsContainTask1=0, mIsContainTaskOther=0
05-16 14:22:29.937  1272  1272 E SurfaceFlinger: MiSurfaceFlingerStub isAnimationScene
05-16 14:22:29.944  1272  1272 E MI-SF   : MiSurfaceFlingerImpl.cpp.vsyncId=460390540, oldVsyncId=460390532, layerName=br.com.sinalseguro.app/br.com.sinalseguro.app.MainActivity#73121
05-16 14:22:29.944  1272  1272 E MI-SF   : MiSurfaceFlingerImpl.cpp.vsyncId=460390540, mIsContainTask1=0, mIsContainTaskOther=0
05-16 14:22:29.945  1272  1272 E SurfaceFlinger: MiSurfaceFlingerStub isAnimationScene
05-16 14:22:29.953  1272  1272 E MI-SF   : MiSurfaceFlingerImpl.cpp.vsyncId=460390548, oldVsyncId=460390540, layerName=br.com.sinalseguro.app/br.com.sinalseguro.app.MainActivity#73121
05-16 14:22:29.953  1272  1272 E MI-SF   : MiSurfaceFlingerImpl.cpp.vsyncId=460390548, mIsContainTask1=0, mIsContainTaskOther=0
05-16 14:22:29.953  1272  1272 E SurfaceFlinger: MiSurfaceFlingerStub isAnimationScene
05-16 14:22:29.961  1272  1272 E MI-SF   : MiSurfaceFlingerImpl.cpp.vsyncId=460390556, oldVsyncId=460390548, layerName=br.com.sinalseguro.app/br.com.sinalseguro.app.MainActivity#73121
05-16 14:22:29.961  1272  1272 E MI-SF   : MiSurfaceFlingerImpl.cpp.vsyncId=460390556, mIsContainTask1=0, mIsContainTaskOther=0
05-16 14:22:29.962  1272  1272 E SurfaceFlinger: MiSurfaceFlingerStub isAnimationScene
05-16 14:22:29.969  1272  1272 E MI-SF   : MiSurfaceFlingerImpl.cpp.vsyncId=460390564, oldVsyncId=460390556, layerName=br.com.sinalseguro.app/br.com.sinalseguro.app.MainActivity#73121
05-16 14:22:29.969  1272  1272 E MI-SF   : MiSurfaceFlingerImpl.cpp.vsyncId=460390564, mIsContainTask1=0, mIsContainTaskOther=0
05-16 14:22:29.970  1272  1272 E SurfaceFlinger: MiSurfaceFlingerStub isAnimationScene
05-16 14:22:29.978  1272  1272 E MI-SF   : MiSurfaceFlingerImpl.cpp.vsyncId=460390572, oldVsyncId=460390564, layerName=br.com.sinalseguro.app/br.com.sinalseguro.app.MainActivity#73121
05-16 14:22:29.978  1272  1272 E MI-SF   : MiSurfaceFlingerImpl.cpp.vsyncId=460390572, mIsContainTask1=0, mIsContainTaskOther=0
05-16 14:22:29.978  1272  1272 E SurfaceFlinger: MiSurfaceFlingerStub isAnimationScene
05-16 14:22:29.986  1272  1272 E MI-SF   : MiSurfaceFlingerImpl.cpp.vsyncId=460390580, oldVsyncId=460390572, layerName=br.com.sinalseguro.app/br.com.sinalseguro.app.MainActivity#73121
05-16 14:22:29.986  1272  1272 E MI-SF   : MiSurfaceFlingerImpl.cpp.vsyncId=460390580, mIsContainTask1=0, mIsContainTaskOther=0
05-16 14:22:29.987  1272  1272 E SurfaceFlinger: MiSurfaceFlingerStub isAnimationScene
05-16 14:22:29.994  1272  1272 E MI-SF   : MiSurfaceFlingerImpl.cpp.vsyncId=460390588, oldVsyncId=460390580, layerName=br.com.sinalseguro.app/br.com.sinalseguro.app.MainActivity#73121
05-16 14:22:29.994  1272  1272 E MI-SF   : MiSurfaceFlingerImpl.cpp.vsyncId=460390588, mIsContainTask1=0, mIsContainTaskOther=0
05-16 14:22:29.995  1272  1272 E SurfaceFlinger: MiSurfaceFlingerStub isAnimationScene
05-16 14:22:30.003  1272  1272 E MI-SF   : MiSurfaceFlingerImpl.cpp.vsyncId=460390596, oldVsyncId=460390588, layerName=br.com.sinalseguro.app/br.com.sinalseguro.app.MainActivity#73121
05-16 14:22:30.003  1272  1272 E MI-SF   : MiSurfaceFlingerImpl.cpp.vsyncId=460390596, mIsContainTask1=0, mIsContainTaskOther=0
05-16 14:22:30.003  1272  1272 E SurfaceFlinger: MiSurfaceFlingerStub isAnimationScene
05-16 14:22:30.011  1272  1272 E MI-SF   : MiSurfaceFlingerImpl.cpp.vsyncId=460390604, oldVsyncId=460390596, layerName=br.com.sinalseguro.app/br.com.sinalseguro.app.MainActivity#73121
05-16 14:22:30.011  1272  1272 E MI-SF   : MiSurfaceFlingerImpl.cpp.vsyncId=460390604, mIsContainTask1=0, mIsContainTaskOther=0
05-16 14:22:30.012  1272  1272 E SurfaceFlinger: MiSurfaceFlingerStub isAnimationScene
05-16 14:22:30.019  1272  1272 E MI-SF   : MiSurfaceFlingerImpl.cpp.vsyncId=460390612, oldVsyncId=460390604, layerName=br.com.sinalseguro.app/br.com.sinalseguro.app.MainActivity#73121
05-16 14:22:30.019  1272  1272 E MI-SF   : MiSurfaceFlingerImpl.cpp.vsyncId=460390612, mIsContainTask1=0, mIsContainTaskOther=0
05-16 14:22:30.020  1272  1272 E SurfaceFlinger: MiSurfaceFlingerStub isAnimationScene
05-16 14:22:30.023   805   805 E KeymasterUtils: rsp_header->status: -28
05-16 14:22:30.023   805   805 E KeyMasterHalDevice: abort_operation
05-16 14:22:30.023   805   805 E KeyMasterHalDevice: ret: -28
05-16 14:22:30.028  1272  1272 E MI-SF   : MiSurfaceFlingerImpl.cpp.vsyncId=460390620, oldVsyncId=460390612, layerName=br.com.sinalseguro.app/br.com.sinalseguro.app.MainActivity#73121
05-16 14:22:30.028  1272  1272 E MI-SF   : MiSurfaceFlingerImpl.cpp.vsyncId=460390620, mIsContainTask1=0, mIsContainTaskOther=0
05-16 14:22:30.028  1272  1272 E SurfaceFlinger: MiSurfaceFlingerStub isAnimationScene
05-16 14:22:30.036  1272  1272 E MI-SF   : MiSurfaceFlingerImpl.cpp.vsyncId=460390628, oldVsyncId=460390620, layerName=br.com.sinalseguro.app/br.com.sinalseguro.app.MainActivity#73121
05-16 14:22:30.036  1272  1272 E MI-SF   : MiSurfaceFlingerImpl.cpp.vsyncId=460390628, mIsContainTask1=0, mIsContainTaskOther=0
05-16 14:22:30.037  1272  1272 E SurfaceFlinger: MiSurfaceFlingerStub isAnimationScene
05-16 14:22:30.044  1272  1272 E MI-SF   : MiSurfaceFlingerImpl.cpp.vsyncId=460390636, oldVsyncId=460390628, layerName=br.com.sinalseguro.app/br.com.sinalseguro.app.MainActivity#73121
05-16 14:22:30.044  1272  1272 E MI-SF   : MiSurfaceFlingerImpl.cpp.vsyncId=460390636, mIsContainTask1=0, mIsContainTaskOther=0
05-16 14:22:30.045  1272  1272 E SurfaceFlinger: MiSurfaceFlingerStub isAnimationScene
05-16 14:22:30.053  1272  1272 E MI-SF   : MiSurfaceFlingerImpl.cpp.vsyncId=460390644, oldVsyncId=460390636, layerName=br.com.sinalseguro.app/br.com.sinalseguro.app.MainActivity#73121
05-16 14:22:30.053  1272  1272 E MI-SF   : MiSurfaceFlingerImpl.cpp.vsyncId=460390644, mIsContainTask1=0, mIsContainTaskOther=0
05-16 14:22:30.054  1272  1272 E SurfaceFlinger: MiSurfaceFlingerStub isAnimationScene
05-16 14:22:30.061  1272  1272 E MI-SF   : MiSurfaceFlingerImpl.cpp.vsyncId=460390652, oldVsyncId=460390644, layerName=br.com.sinalseguro.app/br.com.sinalseguro.app.MainActivity#73121
05-16 14:22:30.061  1272  1272 E MI-SF   : MiSurfaceFlingerImpl.cpp.vsyncId=460390652, mIsContainTask1=0, mIsContainTaskOther=0
05-16 14:22:30.062  1272  1272 E SurfaceFlinger: MiSurfaceFlingerStub isAnimationScene
05-16 14:22:30.069  1272  1272 E MI-SF   : MiSurfaceFlingerImpl.cpp.vsyncId=460390660, oldVsyncId=460390652, layerName=br.com.sinalseguro.app/br.com.sinalseguro.app.MainActivity#73121
05-16 14:22:30.070  1272  1272 E MI-SF   : MiSurfaceFlingerImpl.cpp.vsyncId=460390660, mIsContainTask1=0, mIsContainTaskOther=0
05-16 14:22:30.070  1272  1272 E SurfaceFlinger: MiSurfaceFlingerStub isAnimationScene
05-16 14:22:30.078  1272  1272 E MI-SF   : MiSurfaceFlingerImpl.cpp.vsyncId=460390668, oldVsyncId=460390660, layerName=br.com.sinalseguro.app/br.com.sinalseguro.app.MainActivity#73121
05-16 14:22:30.078  1272  1272 E MI-SF   : MiSurfaceFlingerImpl.cpp.vsyncId=460390668, mIsContainTask1=0, mIsContainTaskOther=0
05-16 14:22:30.079  1272  1272 E SurfaceFlinger: MiSurfaceFlingerStub isAnimationScene
05-16 14:22:30.086  1272  1272 E MI-SF   : MiSurfaceFlingerImpl.cpp.vsyncId=460390676, oldVsyncId=460390668, layerName=br.com.sinalseguro.app/br.com.sinalseguro.app.MainActivity#73121
05-16 14:22:30.086  1272  1272 E MI-SF   : MiSurfaceFlingerImpl.cpp.vsyncId=460390676, mIsContainTask1=0, mIsContainTaskOther=0
05-16 14:22:30.087  1272  1272 E SurfaceFlinger: MiSurfaceFlingerStub isAnimationScene
05-16 14:22:30.095  1272  1272 E MI-SF   : MiSurfaceFlingerImpl.cpp.vsyncId=460390684, oldVsyncId=460390676, layerName=br.com.sinalseguro.app/br.com.sinalseguro.app.MainActivity#73121
05-16 14:22:30.095  1272  1272 E MI-SF   : MiSurfaceFlingerImpl.cpp.vsyncId=460390684, mIsContainTask1=0, mIsContainTaskOther=0
05-16 14:22:30.095  1272  1272 E SurfaceFlinger: MiSurfaceFlingerStub isAnimationScene
05-16 14:22:30.103  1272  1272 E MI-SF   : MiSurfaceFlingerImpl.cpp.vsyncId=460390692, oldVsyncId=460390684, layerName=br.com.sinalseguro.app/br.com.sinalseguro.app.MainActivity#73121
05-16 14:22:30.103  1272  1272 E MI-SF   : MiSurfaceFlingerImpl.cpp.vsyncId=460390692, mIsContainTask1=0, mIsContainTaskOther=0
05-16 14:22:30.104  1272  1272 E SurfaceFlinger: MiSurfaceFlingerStub isAnimationScene
05-16 14:22:30.111  1272  1272 E MI-SF   : MiSurfaceFlingerImpl.cpp.vsyncId=460390700, oldVsyncId=460390692, layerName=br.com.sinalseguro.app/br.com.sinalseguro.app.MainActivity#73121
05-16 14:22:30.111  1272  1272 E MI-SF   : MiSurfaceFlingerImpl.cpp.vsyncId=460390700, mIsContainTask1=0, mIsContainTaskOther=0
05-16 14:22:30.112  1272  1272 E SurfaceFlinger: MiSurfaceFlingerStub isAnimationScene
05-16 14:22:30.144  2431  3355 D Aurogon :  packageName = com.google.android.gms isAllowWakeUpList 
05-16 14:22:30.151  2431  3355 D Aurogon :  packageName = com.google.android.gms isAllowWakeUpList 
05-16 14:22:30.183   805   805 E KeymasterUtils: rsp_header->status: -28
05-16 14:22:30.183   805   805 E KeyMasterHalDevice: abort_operation
05-16 14:22:30.183   805   805 E KeyMasterHalDevice: ret: -28
05-16 14:22:30.192  2431  3355 W ContentProviderHelper: No provider info for content provider com.miui.personalassistant.servicedeliver.system.provider when providerRunning is false, caller is ProcessRecord{65b20dc 12238:com.miui.home/u0a139}
05-16 14:22:30.193 12238  7913 E ActivityThread: Failed to find provider info for com.miui.personalassistant.servicedeliver.system.provider
05-16 14:22:30.193 12238  7913 E ServiceDeliveryCompat: isSupportServiceDelivery
05-16 14:22:30.193 12238  7913 E ServiceDeliveryCompat: java.lang.IllegalArgumentException: Unknown authority com.miui.personalassistant.servicedeliver.system.provider
05-16 14:22:30.193 12238  7913 E ServiceDeliveryCompat: 	at android.content.ContentResolver.call(ContentResolver.java:2466)
05-16 14:22:30.193 12238  7913 E ServiceDeliveryCompat: 	at android.content.ContentResolver.call(ContentResolver.java:2449)
05-16 14:22:30.193 12238  7913 E ServiceDeliveryCompat: 	at com.miui.home.launcher.servicedeliver.ServiceDeliveryUtils.isSupportServiceDelivery(ServiceDeliveryUtils.kt:28)
05-16 14:22:30.193 12238  7913 E ServiceDeliveryCompat: 	at com.miui.home.launcher.servicedeliver.ServiceDeliveryReplaceHelper.lambda$tryReplaceToServiceDelivery$1(ServiceDeliveryReplaceHelper.java:67)
05-16 14:22:30.193 12238  7913 E ServiceDeliveryCompat: 	at com.miui.home.launcher.servicedeliver.ServiceDeliveryReplaceHelper.$r8$lambda$WUWmthv-UjITX40FJ8ag1YKl6O8(Unknown Source:0)
05-16 14:22:30.193 12238  7913 E ServiceDeliveryCompat: 	at com.miui.home.launcher.servicedeliver.ServiceDeliveryReplaceHelper$$ExternalSyntheticLambda1.run(Unknown Source:2)
05-16 14:22:30.193 12238  7913 E ServiceDeliveryCompat: 	at java.util.concurrent.Executors$RunnableAdapter.call(Executors.java:520)
05-16 14:22:30.193 12238  7913 E ServiceDeliveryCompat: 	at java.util.concurrent.FutureTask.run(FutureTask.java:317)
05-16 14:22:30.193 12238  7913 E ServiceDeliveryCompat: 	at java.util.concurrent.ThreadPoolExecutor.runWorker(ThreadPoolExecutor.java:1154)
05-16 14:22:30.193 12238  7913 E ServiceDeliveryCompat: 	at java.util.concurrent.ThreadPoolExecutor$Worker.run(ThreadPoolExecutor.java:652)
05-16 14:22:30.193 12238  7913 E ServiceDeliveryCompat: 	at java.lang.Thread.run(Thread.java:1564)
05-16 14:22:30.193 12238  7913 I ServiceDeliveryReplaceHelper: tryReplaceToDelivery: isSupportServiceDelivery false
05-16 14:22:30.209 15040 15040 D ScrollerOptimizationManager: registerConfigChangedListener
05-16 14:22:30.210 15040 15040 W libc    : Access denied finding property "ro.vendor.mi_sf.new_dynamic_refresh_rate"
05-16 14:22:30.210 15040 15040 D SplineOverScroller: dynamic params is false
05-16 14:22:30.211 15040 15040 I sinalseguro.app: hiddenapi: Accessing hidden field Landroid/widget/ScrollView;->mScroller:Landroid/widget/OverScroller; (runtime_flags=0, domain=platform, api=unsupported) from Lcom/facebook/react/views/scroll/ReactScrollView; (domain=app, TargetSdkVersion=36) using reflection: allowed
05-16 14:22:30.218 15040 15040 W [RNScreens]: backTitleVisible prop is not available on Android
05-16 14:22:30.218 15040 15040 W [RNScreens]: backTitleFontFamily prop is not available on Android
05-16 14:22:30.218 15040 15040 W [RNScreens]: disableBackButtonMenu prop is not available on Android
05-16 14:22:30.218 15040 15040 W [RNScreens]: largeTitleFontFamily prop is not available on Android
05-16 14:22:30.218 15040 15040 W [RNScreens]: largeTitleFontWeight prop is not available on Android
05-16 14:22:30.219 15040 15040 W [RNScreens]: largeTitleHideShadow prop is not available on Android
05-16 14:22:30.353  1272  1272 E MI-SF   : MiSurfaceFlingerImpl.cpp.vsyncId=460390708, oldVsyncId=460390700, layerName=br.com.sinalseguro.app/br.com.sinalseguro.app.MainActivity#73121
05-16 14:22:30.354  1272  1272 E MI-SF   : MiSurfaceFlingerImpl.cpp.vsyncId=460390708, mIsContainTask1=0, mIsContainTaskOther=0
05-16 14:22:30.354  1272  1272 E SurfaceFlinger: MiSurfaceFlingerStub isAnimationScene
05-16 14:22:30.362  1272  1272 E MI-SF   : MiSurfaceFlingerImpl.cpp.vsyncId=460390758, oldVsyncId=460390708, layerName=br.com.sinalseguro.app/br.com.sinalseguro.app.MainActivity#73121
05-16 14:22:30.362  1272  1272 E MI-SF   : MiSurfaceFlingerImpl.cpp.vsyncId=460390758, mIsContainTask1=0, mIsContainTaskOther=0
05-16 14:22:30.362  1272  1272 E SurfaceFlinger: MiSurfaceFlingerStub isAnimationScene
05-16 14:22:30.370  1272  1272 E MI-SF   : MiSurfaceFlingerImpl.cpp.vsyncId=460390759, oldVsyncId=460390758, layerName=br.com.sinalseguro.app/br.com.sinalseguro.app.MainActivity#73121
05-16 14:22:30.370  1272  1272 E MI-SF   : MiSurfaceFlingerImpl.cpp.vsyncId=460390759, mIsContainTask1=0, mIsContainTaskOther=0
05-16 14:22:30.371  1272  1272 E SurfaceFlinger: MiSurfaceFlingerStub isAnimationScene
05-16 14:22:30.379  1272  1272 E MI-SF   : MiSurfaceFlingerImpl.cpp.vsyncId=460390767, oldVsyncId=460390759, layerName=br.com.sinalseguro.app/br.com.sinalseguro.app.MainActivity#73121
05-16 14:22:30.379  1272  1272 E MI-SF   : MiSurfaceFlingerImpl.cpp.vsyncId=460390767, mIsContainTask1=0, mIsContainTaskOther=0
05-16 14:22:30.379  1272  1272 E SurfaceFlinger: MiSurfaceFlingerStub isAnimationScene
05-16 14:22:30.481  2431  3355 W ActivityManager: Unable to start service Intent { cmp=com.rabbit.bubble.shooter.shan.game/QO0I8OIQ1I08.iIiI8IIO〇 } U=0: not found
05-16 14:22:30.509  3201  4535 D IpClient/wlan0: addressUpdated: 2804:29b8:5099:a8d1:ac78:fdff:fe50:e419/64 on ifindex 36 flags 0x00000100 scope 0
05-16 14:22:30.510  3201  4535 D IpClient/wlan0: addressUpdated: 2804:29b8:5099:a8d1:2ec3:12f3:4791:b404/64 on ifindex 36 flags 0x00000001 scope 0
05-16 14:22:30.510  3201  4535 W AlarmManager: Unrecognized alarm listener com.android.networkstack.android.net.ip.IpClientLinkObserver$Dhcp6PdPreferredPrefixAlarmListener@3b85266
05-16 14:22:30.511  3201  4535 D ApfFilter: (wlan0): Ignoring RA RA fe80::2223:51ff:fec6:81f4 -> ff02::1 30s 2804:29b8:5099:a8d1::/64 172800s/172800s DNS 10s 2804:29b8:1000:1::17 2804:29b8:1000:1::18  which matches RA fe80::2223:51ff:fec6:81f4 -> ff02::1 30s 2804:29b8:5099:a8d1::/64 172800s/172800s DNS 10s 2804:29b8:1000:1::17 2804:29b8:1000:1::18 
05-16 14:22:30.546  1272  1272 E MI-SF   : MiSurfaceFlingerImpl.cpp.vsyncId=460390775, oldVsyncId=460390767, layerName=StatusBar#59904
05-16 14:22:30.546  1272  1272 E MI-SF   : MiSurfaceFlingerImpl.cpp.vsyncId=460390775, mIsContainTask1=0, mIsContainTaskOther=0
05-16 14:22:30.548  1272  1272 E SurfaceFlinger: MiSurfaceFlingerStub isAnimationScene
05-16 14:22:30.555 32259 32259 D ThemeValues: customized theme has contain this value: |com.android.systemui/bool/battery_meter_use_legacy_drawable/true
05-16 14:22:30.562 32259 32259 D ThemeValues: customized theme has contain this value: |com.android.systemui/bool/battery_meter_use_legacy_drawable/true
05-16 14:22:30.579 32259 32259 D ThemeValues: customized theme has contain this value: |com.android.systemui/bool/battery_meter_use_legacy_drawable/true
05-16 14:22:30.583 32259 32259 D ThemeValues: customized theme has contain this value: |com.android.systemui/bool/battery_meter_use_legacy_drawable/true
05-16 14:22:30.586 32259 32259 D ThemeValues: customized theme has contain this value: |com.android.systemui/bool/battery_meter_use_legacy_drawable/true
05-16 14:22:30.589 32259 32259 D ThemeValues: customized theme has contain this value: |com.android.systemui/bool/battery_meter_use_legacy_drawable/true
05-16 14:22:30.595 32259 32259 D ThemeValues: customized theme has contain this value: |com.android.systemui/bool/battery_meter_use_legacy_drawable/true
05-16 14:22:30.596  3201  4535 D IpClient/wlan0: addressUpdated: 2804:29b8:5099:a8d1:ac78:fdff:fe50:e419/64 on ifindex 36 flags 0x00000100 scope 0
05-16 14:22:30.597  3201  4535 D IpClient/wlan0: addressUpdated: 2804:29b8:5099:a8d1:2ec3:12f3:4791:b404/64 on ifindex 36 flags 0x00000001 scope 0
05-16 14:22:30.597  3201  4535 W AlarmManager: Unrecognized alarm listener com.android.networkstack.android.net.ip.IpClientLinkObserver$Dhcp6PdPreferredPrefixAlarmListener@3b85266
05-16 14:22:30.598  3201  4535 D ApfFilter: (wlan0): Ignoring RA RA fe80::2223:51ff:fec6:81f4 -> ff02::1 30s 2804:29b8:5099:a8d1::/64 172800s/172800s DNS 10s 2804:29b8:1000:1::17 2804:29b8:1000:1::18  which matches RA fe80::2223:51ff:fec6:81f4 -> ff02::1 30s 2804:29b8:5099:a8d1::/64 172800s/172800s DNS 10s 2804:29b8:1000:1::17 2804:29b8:1000:1::18 
05-16 14:22:30.598 32259 32259 D ThemeValues: customized theme has contain this value: |com.android.systemui/bool/battery_meter_use_legacy_drawable/true
05-16 14:22:30.601 32259 32259 D ThemeValues: customized theme has contain this value: |com.android.systemui/bool/battery_meter_use_legacy_drawable/true
05-16 14:22:30.606 32259 32259 D ThemeValues: customized theme has contain this value: |com.android.systemui/bool/battery_meter_use_legacy_drawable/true
05-16 14:22:30.609 32259 32259 D ThemeValues: customized theme has contain this value: |com.android.systemui/bool/battery_meter_use_legacy_drawable/true
05-16 14:22:30.612 32259 32259 D ThemeValues: customized theme has contain this value: |com.android.systemui/bool/battery_meter_use_legacy_drawable/true
05-16 14:22:30.615 32259 32259 D ThemeValues: customized theme has contain this value: |com.android.systemui/bool/battery_meter_use_legacy_drawable/true
05-16 14:22:30.620 32259 32259 D ThemeValues: customized theme has contain this value: |com.android.systemui/bool/battery_meter_use_legacy_drawable/true
05-16 14:22:30.625 32259 32259 D ThemeValues: customized theme has contain this value: |com.android.systemui/bool/battery_meter_use_legacy_drawable/true
05-16 14:22:30.630   805   805 E KeymasterUtils: rsp_header->status: -28
05-16 14:22:30.630   805   805 E KeyMasterHalDevice: abort_operation
05-16 14:22:30.630   805   805 E KeyMasterHalDevice: ret: -28
05-16 14:22:30.637 12166 12166 D BoundBrokerSvc: onUnbind: Intent { act=com.google.android.gms.potokens.service.START dat=chimera-action:/... cmp=com.google.android.gms/.chimera.GmsApiService }
05-16 14:22:30.646  1272  1272 E MI-SF   : MiSurfaceFlingerImpl.cpp.vsyncId=460390930, oldVsyncId=460390775, layerName=StatusBar#59904
05-16 14:22:30.646  1272  1272 E MI-SF   : MiSurfaceFlingerImpl.cpp.vsyncId=460390930, mIsContainTask1=0, mIsContainTaskOther=0
05-16 14:22:30.648  1272  1272 E SurfaceFlinger: MiSurfaceFlingerStub isAnimationScene
05-16 14:22:30.654  1272  1272 E MI-SF   : MiSurfaceFlingerImpl.cpp.vsyncId=460391022, oldVsyncId=460390930, layerName=StatusBar#59904
05-16 14:22:30.654  1272  1272 E MI-SF   : MiSurfaceFlingerImpl.cpp.vsyncId=460391022, mIsContainTask1=0, mIsContainTaskOther=0
05-16 14:22:30.655  1272  1272 E SurfaceFlinger: MiSurfaceFlingerStub isAnimationScene
05-16 14:22:30.663  1272  1272 E MI-SF   : MiSurfaceFlingerImpl.cpp.vsyncId=460391037, oldVsyncId=460391022, layerName=StatusBar#59904
05-16 14:22:30.663  1272  1272 E MI-SF   : MiSurfaceFlingerImpl.cpp.vsyncId=460391037, mIsContainTask1=0, mIsContainTaskOther=0
05-16 14:22:30.664  1272  1272 E SurfaceFlinger: MiSurfaceFlingerStub isAnimationScene
05-16 14:22:30.665   805   805 E KeymasterUtils: rsp_header->status: -28
05-16 14:22:30.665   805   805 E KeyMasterHalDevice: abort_operation
05-16 14:22:30.665   805   805 E KeyMasterHalDevice: ret: -28
05-16 14:22:30.671  1272  1272 E MI-SF   : MiSurfaceFlingerImpl.cpp.vsyncId=460391052, oldVsyncId=460391037, layerName=StatusBar#59904
05-16 14:22:30.671  1272  1272 E MI-SF   : MiSurfaceFlingerImpl.cpp.vsyncId=460391052, mIsContainTask1=0, mIsContainTaskOther=0
05-16 14:22:30.672  1272  1272 E SurfaceFlinger: MiSurfaceFlingerStub isAnimationScene
05-16 14:22:30.680  1272  1272 E MI-SF   : MiSurfaceFlingerImpl.cpp.vsyncId=460391067, oldVsyncId=460391052, layerName=StatusBar#59904
05-16 14:22:30.680  1272  1272 E MI-SF   : MiSurfaceFlingerImpl.cpp.vsyncId=460391067, mIsContainTask1=0, mIsContainTaskOther=0
05-16 14:22:30.680  1272  1272 E SurfaceFlinger: MiSurfaceFlingerStub isAnimationScene
05-16 14:22:30.716  3224  3484 W bluetooth: packages/modules/MiuiBluetooth/system/bta/jv/bta_jv_act.cc:2184 bta_jv_idle_timeout_handler: : true
05-16 14:22:31.112  2431  4406 D PerfShielderService: br.com.sinalseguro.app|br.com.sinalseguro.app/br.com.sinalseguro.app.MainActivity|196|790071153070796|188|2|2
05-16 14:22:31.113  5980  6609 W MiuiPerfServiceClient: interceptAndQueuing:15040|br.com.sinalseguro.app|196|188|790071153070796|Slow handle animation|2
05-16 14:22:31.114  1272  1272 E MI-SF   : MiSurfaceFlingerImpl.cpp.vsyncId=460391075, oldVsyncId=460391067, layerName=br.com.sinalseguro.app/br.com.sinalseguro.app.MainActivity#73121
05-16 14:22:31.114  1272  1272 E MI-SF   : MiSurfaceFlingerImpl.cpp.vsyncId=460391075, mIsContainTask1=0, mIsContainTaskOther=0
05-16 14:22:31.115  1272  1272 E SurfaceFlinger: MiSurfaceFlingerStub isAnimationScene
05-16 14:22:31.148 32259 32259 D ControlCenterHeaderExpandController: onExpansionChanged: progress =  0.0
05-16 14:22:31.152 32259 32259 D ControlCenterHeaderExpandController: onExpansionChanged: progress =  0.0
05-16 14:22:31.155 32259 32259 D ControlCenterHeaderExpandController: onExpansionChanged: progress =  0.0
05-16 14:22:31.162 32259 32259 D ControlCenterHeaderExpandController: onExpansionChanged: progress =  0.0
05-16 14:22:31.164  1272  1272 E MI-SF   : MiSurfaceFlingerImpl.cpp.vsyncId=460391384, oldVsyncId=460391075, layerName=StatusBar#59904
05-16 14:22:31.164  1272  1272 E MI-SF   : MiSurfaceFlingerImpl.cpp.vsyncId=460391384, mIsContainTask1=0, mIsContainTaskOther=0
05-16 14:22:31.165  1272  1272 E SurfaceFlinger: MiSurfaceFlingerStub isAnimationScene
05-16 14:22:31.250  1689  1689 I wificond: station_bandwidth: (
05-16 14:22:31.251  2431  2720 D WifiClientModeImpl[510989268:wlan0]: updateLinkLayerStatsRssiSpeedFrequencyCapabilities rssi=-59 TxLinkspeed=200 freq=5180 RxLinkSpeed=200
05-16 14:22:31.251  2431  2720 I WifiService: getConnectionInfo uid=1000
05-16 14:22:31.251  2431  2720 V WifiService: Clearing REDACT_FOR_LOCAL_MAC_ADDRESS for android(uid=1000)
05-16 14:22:31.251  2431  2720 V WifiService: Clearing REDACT_FOR_NETWORK_SETTINGS for android(uid=1000)
05-16 14:22:31.251  2431  2720 V WifiService: Clearing REDACT_FOR_ACCESS_FINE_LOCATION for android(uid=1000)
05-16 14:22:31.253  2431  2720 D WifiDataStall: tx tput in kbps: 178867
05-16 14:22:31.254  2431  2720 D WifiDataStall: rx tput in kbps: 188281
05-16 14:22:31.254  2431  2720 V WifiConfigManager: Updating scan detail cache freq=5180 BSSID=20:23:51:c6:81:f6 RSSI=-59 for "brisa-1874097"WPA_PSK
05-16 14:22:31.254  2431  2720 D WifiChannelUtilization:  freq: 5180 onTime: 36275682 busyTime: 2649401 onTimeDiff: 1057 busyTimeDiff: 56 utilization: 13 utilization t0: 18
05-16 14:22:31.255  2431  2720 D WifiDataStall:  ccaLevel = 15
05-16 14:22:31.255  2431  2720 D WifiDataStall: L2 txTputKbps: 154390, rxTputKbps: 188281, L3 txTputKbps: 9, rxTputKbps: 27, TxTrafficHigh: true, RxTrafficHigh: true, Throughput Sufficient: true
05-16 14:22:31.255  2431  2720 D WifiScoreCard: BSSID update SIGNAL_POLL ID: 1153102848 SSID: "brisa-1874097", BSSID: 20:23:51:c6:81:f6, MAC: ae:78:fd:50:e4:19, IP: /192.168.0.5, Security type: 2, Supplicant state: COMPLETED, Wi-Fi standard: 11ac, RSSI: -59, Link speed: 200Mbps, Tx Link speed: 200Mbps, Max Supported Tx Link speed: 200Mbps, Rx Link speed: 200Mbps, Max Supported Rx Link speed: 200Mbps, Frequency: 5180MHz, Net ID: 171, Metered hint: false, score: 60, isUsable: true, CarrierMerged: false, SubscriptionId: -1, IsPrimary: 1, Trusted: true, Restricted: false, Ephemeral: false, OEM paid: false, OEM private: false, OSU AP: false, FQDN: <none>, Provider friendly name: <none>, Requesting package name: <none>"brisa-1874097"wpa2-pskMLO Information: , Is TID-To-Link negotiation supported by the AP: false, AP MLD Address: <none>, AP MLO Link Id: <none>, AP MLO Affiliated links: <none>, Vendor Data: <none>
05-16 14:22:31.256  2431  2720 D WifiScoreCard: txRate: 9 txSpeed: 200
05-16 14:22:31.256  2431  2720 D WifiScoreCard: network update SIGNAL_POLL "brisa-1874097" ID: 1095061241 RSSI -59 txSpeed 200
05-16 14:22:31.257  2431  2720 D WifiClientModeImpl[510989268:wlan0]:  ClientModeImpl$L2ConnectedState screen=on 1701 0 "brisa-1874097" 20:23:51:c6:81:f6 rssi=-59 f=5180 sc= 60, mSwithInWeakNet: false [updated score = 60,  failpercent=0 { out=2 in=2 lost=0 inretrans=0 total retrans=0 tmo=0 inflight=0 minRtt=3469 avgRtt=122943 avgRttVar=23905 avgRcvRtt=102452}] link=200 tx=6.7, 1.4, 0.0 rx=5.6 bcn=4719931 [on:1057 tx:8 rx:8 period:3025] from screen [on:761323 period:3758417] score=60
05-16 14:22:31.258 20100 20111 I MediaSyncManager_20100_20111: SettingsContentObserver onChange onSync true
05-16 14:22:31.537  3201  4535 D IpClient/wlan0: addressUpdated: 2804:29b8:5099:a8d1:ac78:fdff:fe50:e419/64 on ifindex 36 flags 0x00000100 scope 0
05-16 14:22:31.537  3201  4535 D IpClient/wlan0: addressUpdated: 2804:29b8:5099:a8d1:2ec3:12f3:4791:b404/64 on ifindex 36 flags 0x00000001 scope 0
05-16 14:22:31.538  3201  4535 W AlarmManager: Unrecognized alarm listener com.android.networkstack.android.net.ip.IpClientLinkObserver$Dhcp6PdPreferredPrefixAlarmListener@3b85266
05-16 14:22:31.538  3201  4535 D ApfFilter: (wlan0): Ignoring RA RA fe80::2223:51ff:fec6:81f4 -> ff02::1 30s 2804:29b8:5099:a8d1::/64 172800s/172800s DNS 10s 2804:29b8:1000:1::17 2804:29b8:1000:1::18  which matches RA fe80::2223:51ff:fec6:81f4 -> ff02::1 30s 2804:29b8:5099:a8d1::/64 172800s/172800s DNS 10s 2804:29b8:1000:1::17 2804:29b8:1000:1::18 
05-16 14:22:31.559  3201  4535 D IpClient/wlan0: addressUpdated: 2804:29b8:5099:a8d1:ac78:fdff:fe50:e419/64 on ifindex 36 flags 0x00000100 scope 0
05-16 14:22:31.560  3201  4535 D IpClient/wlan0: addressUpdated: 2804:29b8:5099:a8d1:2ec3:12f3:4791:b404/64 on ifindex 36 flags 0x00000001 scope 0
05-16 14:22:31.560  3201  4535 W AlarmManager: Unrecognized alarm listener com.android.networkstack.android.net.ip.IpClientLinkObserver$Dhcp6PdPreferredPrefixAlarmListener@3b85266
05-16 14:22:31.560  3201  4535 D ApfFilter: (wlan0): Ignoring RA RA fe80::2223:51ff:fec6:81f4 -> ff02::1 30s 2804:29b8:5099:a8d1::/64 172800s/172800s DNS 10s 2804:29b8:1000:1::17 2804:29b8:1000:1::18  which matches RA fe80::2223:51ff:fec6:81f4 -> ff02::1 30s 2804:29b8:5099:a8d1::/64 172800s/172800s DNS 10s 2804:29b8:1000:1::17 2804:29b8:1000:1::18 
05-16 14:22:31.716  3224  3484 W bluetooth: packages/modules/MiuiBluetooth/system/bta/jv/bta_jv_act.cc:2184 bta_jv_idle_timeout_handler: : true
05-16 14:22:31.739 14775 14779 W .apps.wellbeing: userfaultfd: MOVE ioctl seems unsupported: Connection timed out
05-16 14:22:31.774  1272  1272 E MI-SF   : MiSurfaceFlingerImpl.cpp.vsyncId=460391448, oldVsyncId=460391384, layerName=br.com.sinalseguro.app/br.com.sinalseguro.app.MainActivity#73121
05-16 14:22:31.774  1272  1272 E MI-SF   : MiSurfaceFlingerImpl.cpp.vsyncId=460391448, mIsContainTask1=0, mIsContainTaskOther=0
05-16 14:22:31.776  1272  1272 E SurfaceFlinger: MiSurfaceFlingerStub isAnimationScene
05-16 14:22:31.782  1272  1272 E MI-SF   : MiSurfaceFlingerImpl.cpp.vsyncId=460391960, oldVsyncId=460391448, layerName=br.com.sinalseguro.app/br.com.sinalseguro.app.MainActivity#73121
05-16 14:22:31.782  1272  1272 E MI-SF   : MiSurfaceFlingerImpl.cpp.vsyncId=460391960, mIsContainTask1=0, mIsContainTaskOther=0
05-16 14:22:31.783  1272  1272 E SurfaceFlinger: MiSurfaceFlingerStub isAnimationScene
05-16 14:22:31.790  1272  1272 E MI-SF   : MiSurfaceFlingerImpl.cpp.vsyncId=460391968, oldVsyncId=460391960, layerName=br.com.sinalseguro.app/br.com.sinalseguro.app.MainActivity#73121
05-16 14:22:31.791  1272  1272 E MI-SF   : MiSurfaceFlingerImpl.cpp.vsyncId=460391968, mIsContainTask1=0, mIsContainTaskOther=0
05-16 14:22:31.792  1272  1272 E SurfaceFlinger: MiSurfaceFlingerStub isAnimationScene
05-16 14:22:31.799  1272  1272 E MI-SF   : MiSurfaceFlingerImpl.cpp.vsyncId=460391976, oldVsyncId=460391968, layerName=br.com.sinalseguro.app/br.com.sinalseguro.app.MainActivity#73121
05-16 14:22:31.799  1272  1272 E MI-SF   : MiSurfaceFlingerImpl.cpp.vsyncId=460391976, mIsContainTask1=0, mIsContainTaskOther=0
05-16 14:22:31.800  1272  1272 E SurfaceFlinger: MiSurfaceFlingerStub isAnimationScene
05-16 14:22:31.807  1272  1272 E MI-SF   : MiSurfaceFlingerImpl.cpp.vsyncId=460391984, oldVsyncId=460391976, layerName=br.com.sinalseguro.app/br.com.sinalseguro.app.MainActivity#73121
05-16 14:22:31.807  1272  1272 E MI-SF   : MiSurfaceFlingerImpl.cpp.vsyncId=460391984, mIsContainTask1=0, mIsContainTaskOther=0
05-16 14:22:31.808  1272  1272 E SurfaceFlinger: MiSurfaceFlingerStub isAnimationScene
05-16 14:22:31.815  1272  1272 E MI-SF   : MiSurfaceFlingerImpl.cpp.vsyncId=460391992, oldVsyncId=460391984, layerName=br.com.sinalseguro.app/br.com.sinalseguro.app.MainActivity#73121
05-16 14:22:31.816  1272  1272 E MI-SF   : MiSurfaceFlingerImpl.cpp.vsyncId=460391992, mIsContainTask1=0, mIsContainTaskOther=0
05-16 14:22:31.816  1272  1272 E SurfaceFlinger: MiSurfaceFlingerStub isAnimationScene
05-16 14:22:31.824  1272  1272 E MI-SF   : MiSurfaceFlingerImpl.cpp.vsyncId=460392000, oldVsyncId=460391992, layerName=br.com.sinalseguro.app/br.com.sinalseguro.app.MainActivity#73121
05-16 14:22:31.824  1272  1272 E MI-SF   : MiSurfaceFlingerImpl.cpp.vsyncId=460392000, mIsContainTask1=0, mIsContainTaskOther=0
05-16 14:22:31.825  1272  1272 E SurfaceFlinger: MiSurfaceFlingerStub isAnimationScene
05-16 14:22:31.832  1272  1272 E MI-SF   : MiSurfaceFlingerImpl.cpp.vsyncId=460392008, oldVsyncId=460392000, layerName=br.com.sinalseguro.app/br.com.sinalseguro.app.MainActivity#73121
05-16 14:22:31.832  1272  1272 E MI-SF   : MiSurfaceFlingerImpl.cpp.vsyncId=460392008, mIsContainTask1=0, mIsContainTaskOther=0
05-16 14:22:31.833  1272  1272 E SurfaceFlinger: MiSurfaceFlingerStub isAnimationScene
05-16 14:22:31.841  1272  1272 E MI-SF   : MiSurfaceFlingerImpl.cpp.vsyncId=460392016, oldVsyncId=460392008, layerName=br.com.sinalseguro.app/br.com.sinalseguro.app.MainActivity#73121
05-16 14:22:31.841  1272  1272 E MI-SF   : MiSurfaceFlingerImpl.cpp.vsyncId=460392016, mIsContainTask1=0, mIsContainTaskOther=0
05-16 14:22:31.842  1272  1272 E SurfaceFlinger: MiSurfaceFlingerStub isAnimationScene
05-16 14:22:31.849  1272  1272 E MI-SF   : MiSurfaceFlingerImpl.cpp.vsyncId=460392024, oldVsyncId=460392016, layerName=br.com.sinalseguro.app/br.com.sinalseguro.app.MainActivity#73121
05-16 14:22:31.849  1272  1272 E MI-SF   : MiSurfaceFlingerImpl.cpp.vsyncId=460392024, mIsContainTask1=0, mIsContainTaskOther=0
05-16 14:22:31.850  1272  1272 E SurfaceFlinger: MiSurfaceFlingerStub isAnimationScene
05-16 14:22:31.857  1272  1272 E MI-SF   : MiSurfaceFlingerImpl.cpp.vsyncId=460392032, oldVsyncId=460392024, layerName=br.com.sinalseguro.app/br.com.sinalseguro.app.MainActivity#73121
05-16 14:22:31.857  1272  1272 E MI-SF   : MiSurfaceFlingerImpl.cpp.vsyncId=460392032, mIsContainTask1=0, mIsContainTaskOther=0
05-16 14:22:31.858  1272  1272 E SurfaceFlinger: MiSurfaceFlingerStub isAnimationScene
05-16 14:22:31.866  1272  1272 E MI-SF   : MiSurfaceFlingerImpl.cpp.vsyncId=460392040, oldVsyncId=460392032, layerName=br.com.sinalseguro.app/br.com.sinalseguro.app.MainActivity#73121
05-16 14:22:31.866  1272  1272 E MI-SF   : MiSurfaceFlingerImpl.cpp.vsyncId=460392040, mIsContainTask1=0, mIsContainTaskOther=0
05-16 14:22:31.867  1272  1272 E SurfaceFlinger: MiSurfaceFlingerStub isAnimationScene
05-16 14:22:31.874  1272  1272 E MI-SF   : MiSurfaceFlingerImpl.cpp.vsyncId=460392048, oldVsyncId=460392040, layerName=br.com.sinalseguro.app/br.com.sinalseguro.app.MainActivity#73121
05-16 14:22:31.874  1272  1272 E MI-SF   : MiSurfaceFlingerImpl.cpp.vsyncId=460392048, mIsContainTask1=0, mIsContainTaskOther=0
05-16 14:22:31.875  1272  1272 E SurfaceFlinger: MiSurfaceFlingerStub isAnimationScene
05-16 14:22:31.882  1272  1272 E MI-SF   : MiSurfaceFlingerImpl.cpp.vsyncId=460392056, oldVsyncId=460392048, layerName=br.com.sinalseguro.app/br.com.sinalseguro.app.MainActivity#73121
05-16 14:22:31.882  1272  1272 E MI-SF   : MiSurfaceFlingerImpl.cpp.vsyncId=460392056, mIsContainTask1=0, mIsContainTaskOther=0
05-16 14:22:31.883  1272  1272 E SurfaceFlinger: MiSurfaceFlingerStub isAnimationScene
05-16 14:22:31.891  1272  1272 E MI-SF   : MiSurfaceFlingerImpl.cpp.vsyncId=460392064, oldVsyncId=460392056, layerName=br.com.sinalseguro.app/br.com.sinalseguro.app.MainActivity#73121
05-16 14:22:31.891  1272  1272 E MI-SF   : MiSurfaceFlingerImpl.cpp.vsyncId=460392064, mIsContainTask1=0, mIsContainTaskOther=0
05-16 14:22:31.892  1272  1272 E SurfaceFlinger: MiSurfaceFlingerStub isAnimationScene
05-16 14:22:31.899  1272  1272 E MI-SF   : MiSurfaceFlingerImpl.cpp.vsyncId=460392072, oldVsyncId=460392064, layerName=br.com.sinalseguro.app/br.com.sinalseguro.app.MainActivity#73121
05-16 14:22:31.899  1272  1272 E MI-SF   : MiSurfaceFlingerImpl.cpp.vsyncId=460392072, mIsContainTask1=0, mIsContainTaskOther=0
05-16 14:22:31.900  1272  1272 E SurfaceFlinger: MiSurfaceFlingerStub isAnimationScene
05-16 14:22:31.907  1272  1272 E MI-SF   : MiSurfaceFlingerImpl.cpp.vsyncId=460392080, oldVsyncId=460392072, layerName=br.com.sinalseguro.app/br.com.sinalseguro.app.MainActivity#73121
05-16 14:22:31.907  1272  1272 E MI-SF   : MiSurfaceFlingerImpl.cpp.vsyncId=460392080, mIsContainTask1=0, mIsContainTaskOther=0
05-16 14:22:31.908  2431  2941 I SmartPower: com.mi.globalminusscreen/10152(4002): background->idle(27849ms) R(remove from whitelist) adj=100.
05-16 14:22:31.908  1272  1272 E SurfaceFlinger: MiSurfaceFlingerStub isAnimationScene
05-16 14:22:31.916  1272  1272 E MI-SF   : MiSurfaceFlingerImpl.cpp.vsyncId=460392088, oldVsyncId=460392080, layerName=br.com.sinalseguro.app/br.com.sinalseguro.app.MainActivity#73121
05-16 14:22:31.916  1272  1272 E MI-SF   : MiSurfaceFlingerImpl.cpp.vsyncId=460392088, mIsContainTask1=0, mIsContainTaskOther=0
05-16 14:22:31.916  2431  2941 I SmartPower: com.google.android.adservices.api/10252(4178): background->idle(6008ms) R(remove from whitelist) adj=100.
05-16 14:22:31.916  2431  2941 I SmartPower: com.google.android.gms/10136(12166): background->idle(6009ms) R(remove from whitelist) adj=200.
05-16 14:22:31.917  1272  1272 E SurfaceFlinger: MiSurfaceFlingerStub isAnimationScene
05-16 14:22:31.924  1272  1272 E MI-SF   : MiSurfaceFlingerImpl.cpp.vsyncId=460392096, oldVsyncId=460392088, layerName=br.com.sinalseguro.app/br.com.sinalseguro.app.MainActivity#73121
05-16 14:22:31.924  1272  1272 E MI-SF   : MiSurfaceFlingerImpl.cpp.vsyncId=460392096, mIsContainTask1=0, mIsContainTaskOther=0
05-16 14:22:31.925  1272  1272 E SurfaceFlinger: MiSurfaceFlingerStub isAnimationScene
05-16 14:22:31.932  1272  1272 E MI-SF   : MiSurfaceFlingerImpl.cpp.vsyncId=460392104, oldVsyncId=460392096, layerName=br.com.sinalseguro.app/br.com.sinalseguro.app.MainActivity#73121
05-16 14:22:31.932  1272  1272 E MI-SF   : MiSurfaceFlingerImpl.cpp.vsyncId=460392104, mIsContainTask1=0, mIsContainTaskOther=0
05-16 14:22:31.933  1272  1272 E SurfaceFlinger: MiSurfaceFlingerStub isAnimationScene
05-16 14:22:31.941  1272  1272 E MI-SF   : MiSurfaceFlingerImpl.cpp.vsyncId=460392112, oldVsyncId=460392104, layerName=br.com.sinalseguro.app/br.com.sinalseguro.app.MainActivity#73121
05-16 14:22:31.941  1272  1272 E MI-SF   : MiSurfaceFlingerImpl.cpp.vsyncId=460392112, mIsContainTask1=0, mIsContainTaskOther=0
05-16 14:22:31.942  1272  1272 E SurfaceFlinger: MiSurfaceFlingerStub isAnimationScene
05-16 14:22:31.949  1272  1272 E MI-SF   : MiSurfaceFlingerImpl.cpp.vsyncId=460392120, oldVsyncId=460392112, layerName=br.com.sinalseguro.app/br.com.sinalseguro.app.MainActivity#73121
05-16 14:22:31.949  1272  1272 E MI-SF   : MiSurfaceFlingerImpl.cpp.vsyncId=460392120, mIsContainTask1=0, mIsContainTaskOther=0
05-16 14:22:31.950  1272  1272 E SurfaceFlinger: MiSurfaceFlingerStub isAnimationScene
05-16 14:22:31.958  1272  1272 E MI-SF   : MiSurfaceFlingerImpl.cpp.vsyncId=460392128, oldVsyncId=460392120, layerName=br.com.sinalseguro.app/br.com.sinalseguro.app.MainActivity#73121
05-16 14:22:31.958  1272  1272 E MI-SF   : MiSurfaceFlingerImpl.cpp.vsyncId=460392128, mIsContainTask1=0, mIsContainTaskOther=0
05-16 14:22:31.959  1272  1272 E SurfaceFlinger: MiSurfaceFlingerStub isAnimationScene
05-16 14:22:31.966  1272  1272 E MI-SF   : MiSurfaceFlingerImpl.cpp.vsyncId=460392136, oldVsyncId=460392128, layerName=br.com.sinalseguro.app/br.com.sinalseguro.app.MainActivity#73121
05-16 14:22:31.966  1272  1272 E MI-SF   : MiSurfaceFlingerImpl.cpp.vsyncId=460392136, mIsContainTask1=0, mIsContainTaskOther=0
05-16 14:22:31.967  1272  1272 E SurfaceFlinger: MiSurfaceFlingerStub isAnimationScene
05-16 14:22:31.974  1272  1272 E MI-SF   : MiSurfaceFlingerImpl.cpp.vsyncId=460392144, oldVsyncId=460392136, layerName=br.com.sinalseguro.app/br.com.sinalseguro.app.MainActivity#73121
05-16 14:22:31.974  1272  1272 E MI-SF   : MiSurfaceFlingerImpl.cpp.vsyncId=460392144, mIsContainTask1=0, mIsContainTaskOther=0
05-16 14:22:31.975  1272  1272 E SurfaceFlinger: MiSurfaceFlingerStub isAnimationScene
05-16 14:22:31.983  1272  1272 E MI-SF   : MiSurfaceFlingerImpl.cpp.vsyncId=460392152, oldVsyncId=460392144, layerName=br.com.sinalseguro.app/br.com.sinalseguro.app.MainActivity#73121
05-16 14:22:31.983  1272  1272 E MI-SF   : MiSurfaceFlingerImpl.cpp.vsyncId=460392152, mIsContainTask1=0, mIsContainTaskOther=0
05-16 14:22:31.984  1272  1272 E SurfaceFlinger: MiSurfaceFlingerStub isAnimationScene
05-16 14:22:31.991  1272  1272 E MI-SF   : MiSurfaceFlingerImpl.cpp.vsyncId=460392160, oldVsyncId=460392152, layerName=br.com.sinalseguro.app/br.com.sinalseguro.app.MainActivity#73121
05-16 14:22:31.991  1272  1272 E MI-SF   : MiSurfaceFlingerImpl.cpp.vsyncId=460392160, mIsContainTask1=0, mIsContainTaskOther=0
05-16 14:22:31.992  1272  1272 E SurfaceFlinger: MiSurfaceFlingerStub isAnimationScene
05-16 14:22:31.999  1272  1272 E MI-SF   : MiSurfaceFlingerImpl.cpp.vsyncId=460392168, oldVsyncId=460392160, layerName=br.com.sinalseguro.app/br.com.sinalseguro.app.MainActivity#73121
05-16 14:22:32.000  1272  1272 E MI-SF   : MiSurfaceFlingerImpl.cpp.vsyncId=460392168, mIsContainTask1=0, mIsContainTaskOther=0
05-16 14:22:32.000  1272  1272 E SurfaceFlinger: MiSurfaceFlingerStub isAnimationScene
05-16 14:22:32.007 27380 27380 D BoundBrokerSvc: onUnbind: Intent { act=com.google.android.gms.libs.gmscorelogger.service.START dat=chimera-action:/... cmp=com.google.android.gms/.chimera.PersistentDirectBootAwareApiService }
05-16 14:22:32.008  1272  1272 E MI-SF   : MiSurfaceFlingerImpl.cpp.vsyncId=460392176, oldVsyncId=460392168, layerName=br.com.sinalseguro.app/br.com.sinalseguro.app.MainActivity#73121
05-16 14:22:32.008  1272  1272 E MI-SF   : MiSurfaceFlingerImpl.cpp.vsyncId=460392176, mIsContainTask1=0, mIsContainTaskOther=0
05-16 14:22:32.009  1272  1272 E SurfaceFlinger: MiSurfaceFlingerStub isAnimationScene
05-16 14:22:32.016  1272  1272 E MI-SF   : MiSurfaceFlingerImpl.cpp.vsyncId=460392184, oldVsyncId=460392176, layerName=br.com.sinalseguro.app/br.com.sinalseguro.app.MainActivity#73121
05-16 14:22:32.016  1272  1272 E MI-SF   : MiSurfaceFlingerImpl.cpp.vsyncId=460392184, mIsContainTask1=0, mIsContainTaskOther=0
05-16 14:22:32.017  1272  1272 E SurfaceFlinger: MiSurfaceFlingerStub isAnimationScene
05-16 14:22:32.024  1272  1272 E MI-SF   : MiSurfaceFlingerImpl.cpp.vsyncId=460392192, oldVsyncId=460392184, layerName=br.com.sinalseguro.app/br.com.sinalseguro.app.MainActivity#73121
05-16 14:22:32.024  1272  1272 E MI-SF   : MiSurfaceFlingerImpl.cpp.vsyncId=460392192, mIsContainTask1=0, mIsContainTaskOther=0
05-16 14:22:32.025  1272  1272 E SurfaceFlinger: MiSurfaceFlingerStub isAnimationScene
05-16 14:22:32.033  1272  1272 E MI-SF   : MiSurfaceFlingerImpl.cpp.vsyncId=460392200, oldVsyncId=460392192, layerName=br.com.sinalseguro.app/br.com.sinalseguro.app.MainActivity#73121
05-16 14:22:32.033  1272  1272 E MI-SF   : MiSurfaceFlingerImpl.cpp.vsyncId=460392200, mIsContainTask1=0, mIsContainTaskOther=0
05-16 14:22:32.034  1272  1272 E SurfaceFlinger: MiSurfaceFlingerStub isAnimationScene
05-16 14:22:32.429 18883 18883 I adbd    : New TLS connection [fd=24]
05-16 14:22:32.431 18883 15132 I adbd    : host-24: connection terminated: read failed
05-16 14:22:32.479  3201  4535 D IpClient/wlan0: addressUpdated: 2804:29b8:5099:a8d1:ac78:fdff:fe50:e419/64 on ifindex 36 flags 0x00000100 scope 0
05-16 14:22:32.480  3201  4535 D IpClient/wlan0: addressUpdated: 2804:29b8:5099:a8d1:2ec3:12f3:4791:b404/64 on ifindex 36 flags 0x00000001 scope 0
05-16 14:22:32.482  3201  4535 W AlarmManager: Unrecognized alarm listener com.android.networkstack.android.net.ip.IpClientLinkObserver$Dhcp6PdPreferredPrefixAlarmListener@3b85266
05-16 14:22:32.483  3201  4535 D ApfFilter: (wlan0): Ignoring RA RA fe80::2223:51ff:fec6:81f4 -> ff02::1 30s 2804:29b8:5099:a8d1::/64 172800s/172800s DNS 10s 2804:29b8:1000:1::17 2804:29b8:1000:1::18  which matches RA fe80::2223:51ff:fec6:81f4 -> ff02::1 30s 2804:29b8:5099:a8d1::/64 172800s/172800s DNS 10s 2804:29b8:1000:1::17 2804:29b8:1000:1::18 
05-16 14:22:32.540  3201  4535 D IpClient/wlan0: addressUpdated: 2804:29b8:5099:a8d1:ac78:fdff:fe50:e419/64 on ifindex 36 flags 0x00000100 scope 0
05-16 14:22:32.540  3201  4535 D IpClient/wlan0: addressUpdated: 2804:29b8:5099:a8d1:2ec3:12f3:4791:b404/64 on ifindex 36 flags 0x00000001 scope 0
05-16 14:22:32.541  3201  4535 W AlarmManager: Unrecognized alarm listener com.android.networkstack.android.net.ip.IpClientLinkObserver$Dhcp6PdPreferredPrefixAlarmListener@3b85266
05-16 14:22:32.542  3201  4535 D ApfFilter: (wlan0): Ignoring RA RA fe80::2223:51ff:fec6:81f4 -> ff02::1 30s 2804:29b8:5099:a8d1::/64 172800s/172800s DNS 10s 2804:29b8:1000:1::17 2804:29b8:1000:1::18  which matches RA fe80::2223:51ff:fec6:81f4 -> ff02::1 30s 2804:29b8:5099:a8d1::/64 172800s/172800s DNS 10s 2804:29b8:1000:1::17 2804:29b8:1000:1::18 
05-16 14:22:32.582 15040 15134 D ProfileInstaller: Installing profile for br.com.sinalseguro.app
05-16 14:22:32.716  3224  3484 W bluetooth: packages/modules/MiuiBluetooth/system/bta/jv/bta_jv_act.cc:2184 bta_jv_idle_timeout_handler: : true
05-16 14:22:33.334 14939 14943 W mlviewer:remote: userfaultfd: MOVE ioctl seems unsupported: Connection timed out
05-16 14:22:33.478  2431  2640 E JobScheduler.Background: Couldn't determine stopped state for unknown package: com.google.android.apps.turbo
05-16 14:22:33.479  2431  2640 E JobScheduler.Background: Couldn't determine stopped state for unknown package: com.google.android.apps.turbo
05-16 14:22:33.479  2431  2640 E JobScheduler.Background: Couldn't determine stopped state for unknown package: com.google.android.apps.turbo
05-16 14:22:33.479  2431  2640 E JobScheduler.Background: Couldn't determine stopped state for unknown package: com.google.android.apps.turbo
05-16 14:22:33.479  2431  2640 E JobScheduler.Background: Couldn't determine stopped state for unknown package: com.google.android.apps.turbo
05-16 14:22:33.507  3201  4535 D IpClient/wlan0: addressUpdated: 2804:29b8:5099:a8d1:ac78:fdff:fe50:e419/64 on ifindex 36 flags 0x00000100 scope 0
05-16 14:22:33.507  3201  4535 D IpClient/wlan0: addressUpdated: 2804:29b8:5099:a8d1:2ec3:12f3:4791:b404/64 on ifindex 36 flags 0x00000001 scope 0
05-16 14:22:33.507  3201  4535 W AlarmManager: Unrecognized alarm listener com.android.networkstack.android.net.ip.IpClientLinkObserver$Dhcp6PdPreferredPrefixAlarmListener@3b85266
05-16 14:22:33.509  3201  4535 D ApfFilter: (wlan0): Ignoring RA RA fe80::2223:51ff:fec6:81f4 -> ff02::1 30s 2804:29b8:5099:a8d1::/64 172800s/172800s DNS 10s 2804:29b8:1000:1::17 2804:29b8:1000:1::18  which matches RA fe80::2223:51ff:fec6:81f4 -> ff02::1 30s 2804:29b8:5099:a8d1::/64 172800s/172800s DNS 10s 2804:29b8:1000:1::17 2804:29b8:1000:1::18 
05-16 14:22:33.539  3201  4535 D IpClient/wlan0: addressUpdated: 2804:29b8:5099:a8d1:ac78:fdff:fe50:e419/64 on ifindex 36 flags 0x00000100 scope 0
05-16 14:22:33.539  3201  4535 D IpClient/wlan0: addressUpdated: 2804:29b8:5099:a8d1:2ec3:12f3:4791:b404/64 on ifindex 36 flags 0x00000001 scope 0
05-16 14:22:33.539  3201  4535 W AlarmManager: Unrecognized alarm listener com.android.networkstack.android.net.ip.IpClientLinkObserver$Dhcp6PdPreferredPrefixAlarmListener@3b85266
05-16 14:22:33.540  3201  4535 D ApfFilter: (wlan0): Ignoring RA RA fe80::2223:51ff:fec6:81f4 -> ff02::1 30s 2804:29b8:5099:a8d1::/64 172800s/172800s DNS 10s 2804:29b8:1000:1::17 2804:29b8:1000:1::18  which matches RA fe80::2223:51ff:fec6:81f4 -> ff02::1 30s 2804:29b8:5099:a8d1::/64 172800s/172800s DNS 10s 2804:29b8:1000:1::17 2804:29b8:1000:1::18 
05-16 14:22:33.716  3224  3484 W bluetooth: packages/modules/MiuiBluetooth/system/bta/jv/bta_jv_act.cc:2184 bta_jv_idle_timeout_handler: : true
05-16 14:22:34.033  1182  1182 W android.hardwar: type=1400 audit(0.0:7233161): avc:  denied  { read } for  name="type" dev="sysfs" ino=83132 scontext=u:r:hal_health_default:s0 tcontext=u:object_r:sysfs:s0 tclass=file permissive=0
05-16 14:22:34.033  1182  1182 W android.hardwar: type=1400 audit(0.0:7233162): avc:  denied  { read } for  name="type" dev="sysfs" ino=87575 scontext=u:r:hal_health_default:s0 tcontext=u:object_r:sysfs:s0 tclass=file permissive=0
05-16 14:22:34.037  1182  1182 W android.hardwar: type=1400 audit(0.0:7233163): avc:  denied  { read } for  name="type" dev="sysfs" ino=83132 scontext=u:r:hal_health_default:s0 tcontext=u:object_r:sysfs:s0 tclass=file permissive=0
05-16 14:22:34.041  1182  1182 W android.hardwar: type=1400 audit(0.0:7233164): avc:  denied  { read } for  name="type" dev="sysfs" ino=87575 scontext=u:r:hal_health_default:s0 tcontext=u:object_r:sysfs:s0 tclass=file permissive=0
05-16 14:22:34.278  1689  1689 I wificond: station_bandwidth: (
05-16 14:22:34.279  2431  2720 D WifiClientModeImpl[510989268:wlan0]: updateLinkLayerStatsRssiSpeedFrequencyCapabilities rssi=-60 TxLinkspeed=200 freq=5180 RxLinkSpeed=200
05-16 14:22:34.279  2431  2720 I WifiService: getConnectionInfo uid=1000
05-16 14:22:34.279  2431  2720 V WifiService: Clearing REDACT_FOR_LOCAL_MAC_ADDRESS for android(uid=1000)
05-16 14:22:34.279  2431  2720 V WifiService: Clearing REDACT_FOR_NETWORK_SETTINGS for android(uid=1000)
05-16 14:22:34.279  2431  2720 V WifiService: Clearing REDACT_FOR_ACCESS_FINE_LOCATION for android(uid=1000)
05-16 14:22:34.281  2431  2720 D WifiDataStall: tx tput in kbps: 154390
05-16 14:22:34.281  2431  2720 D WifiDataStall: rx tput in kbps: 188281
05-16 14:22:34.281  2431  2720 V WifiConfigManager: Updating scan detail cache freq=5180 BSSID=20:23:51:c6:81:f6 RSSI=-59 for "brisa-1874097"WPA_PSK
05-16 14:22:34.281  2431  2720 D WifiChannelUtilization:  freq: 5180 onTime: 36276352 busyTime: 2649416 onTimeDiff: 670 busyTimeDiff: 15 utilization: 5 utilization t0: 18
05-16 14:22:34.282  2431  2720 D WifiDataStall:  ccaLevel = 15
05-16 14:22:34.282  2431  2720 D WifiDataStall: L2 txTputKbps: 178867, rxTputKbps: 188281, L3 txTputKbps: 14, rxTputKbps: 11, TxTrafficHigh: true, RxTrafficHigh: true, Throughput Sufficient: true
05-16 14:22:34.282  2431  2720 D WifiScoreCard: BSSID update SIGNAL_POLL ID: 1153102848 SSID: "brisa-1874097", BSSID: 20:23:51:c6:81:f6, MAC: ae:78:fd:50:e4:19, IP: /192.168.0.5, Security type: 2, Supplicant state: COMPLETED, Wi-Fi standard: 11ac, RSSI: -60, Link speed: 200Mbps, Tx Link speed: 200Mbps, Max Supported Tx Link speed: 200Mbps, Rx Link speed: 200Mbps, Max Supported Rx Link speed: 200Mbps, Frequency: 5180MHz, Net ID: 171, Metered hint: false, score: 60, isUsable: true, CarrierMerged: false, SubscriptionId: -1, IsPrimary: 1, Trusted: true, Restricted: false, Ephemeral: false, OEM paid: false, OEM private: false, OSU AP: false, FQDN: <none>, Provider friendly name: <none>, Requesting package name: <none>"brisa-1874097"wpa2-pskMLO Information: , Is TID-To-Link negotiation supported by the AP: false, AP MLD Address: <none>, AP MLO Link Id: <none>, AP MLO Affiliated links: <none>, Vendor Data: <none>
05-16 14:22:34.282  2431  2720 D WifiScoreCard: txRate: 8 txSpeed: 200
05-16 14:22:34.282  2431  2720 D WifiScoreCard: network update SIGNAL_POLL "brisa-1874097" ID: 1095061241 RSSI -60 txSpeed 200
05-16 14:22:34.283  2431  2720 D WifiClientModeImpl[510989268:wlan0]:  ClientModeImpl$L2ConnectedState screen=on 1701 0 "brisa-1874097" 20:23:51:c6:81:f6 rssi=-60 f=5180 sc= 60, mSwithInWeakNet: false [updated score = 60,  failpercent=0 { out=23 in=25 lost=0 inretrans=0 total retrans=0 tmo=0 inflight=0 minRtt=3469 avgRtt=110765 avgRttVar=22733 avgRcvRtt=94941}] link=200 tx=6.4, 0.7, 0.0 rx=4.7 bcn=4719960 [on:670 tx:5 rx:8 period:3025] from screen [on:761993 period:3761443] score=60
05-16 14:22:34.284 20100 20111 I MediaSyncManager_20100_20111: SettingsContentObserver onChange onSync true
05-16 14:22:34.304  3201  4535 D IpClient/wlan0: interfaceLinkStateChanged: ifindex 36 up
05-16 14:22:34.418  1192  3031 I WifiHAL : send gennl msg of len : 164 to apps
05-16 14:22:34.419  2431  3135 D Aurogon :  packageName = com.google.android.gms isAllowWakeUpList 
05-16 14:22:34.419  1192  3031 I WifiHAL : send gennl msg of len : 164 to apps
05-16 14:22:34.421  1805 19386 I LOWI-9.0.1.68.a: [LOWI-Scan] lowi_close_record:Scan done in 862743799ms, 1 APs in scan results
05-16 14:22:34.421  1805 19387 I LOWI-9.0.1.68.a: [LOWI-ROME-RTT] event_handler: invalid data
05-16 14:22:34.422  1805  1879 I LOWI-9.0.1.68.a: [LOWIUtils] responseToOutPostcard - TO: FreeWifiScanObserver, FROM:   LOWI-SERVER, RESP:  LOWI_ASYNC_DISCOVERY_SCAN_RESULTS
05-16 14:22:34.424  2431  4406 D Aurogon :  packageName = com.google.android.gms isAllowWakeUpList 
05-16 14:22:34.427  1176  1287 E LocSvc_LBSApiV02: operator():345]: Error : st = 0, ind.status = 1
05-16 14:22:34.431  2431  4406 D Aurogon :  packageName = com.google.android.gms isAllowWakeUpList 
05-16 14:22:34.498  3201  4535 D IpClient/wlan0: addressUpdated: 2804:29b8:5099:a8d1:ac78:fdff:fe50:e419/64 on ifindex 36 flags 0x00000100 scope 0
05-16 14:22:34.498  3201  4535 D IpClient/wlan0: addressUpdated: 2804:29b8:5099:a8d1:2ec3:12f3:4791:b404/64 on ifindex 36 flags 0x00000001 scope 0
05-16 14:22:34.499  3201  4535 W AlarmManager: Unrecognized alarm listener com.android.networkstack.android.net.ip.IpClientLinkObserver$Dhcp6PdPreferredPrefixAlarmListener@3b85266
05-16 14:22:34.499  3201  4535 D ApfFilter: (wlan0): Ignoring RA RA fe80::2223:51ff:fec6:81f4 -> ff02::1 30s 2804:29b8:5099:a8d1::/64 172800s/172800s DNS 10s 2804:29b8:1000:1::17 2804:29b8:1000:1::18  which matches RA fe80::2223:51ff:fec6:81f4 -> ff02::1 30s 2804:29b8:5099:a8d1::/64 172800s/172800s DNS 10s 2804:29b8:1000:1::17 2804:29b8:1000:1::18 
05-16 14:22:34.586  3201  4535 D IpClient/wlan0: addressUpdated: 2804:29b8:5099:a8d1:ac78:fdff:fe50:e419/64 on ifindex 36 flags 0x00000100 scope 0
05-16 14:22:34.587  3201  4535 D IpClient/wlan0: addressUpdated: 2804:29b8:5099:a8d1:2ec3:12f3:4791:b404/64 on ifindex 36 flags 0x00000001 scope 0
05-16 14:22:34.588  3201  4535 W AlarmManager: Unrecognized alarm listener com.android.networkstack.android.net.ip.IpClientLinkObserver$Dhcp6PdPreferredPrefixAlarmListener@3b85266
05-16 14:22:34.589  3201  4535 D ApfFilter: (wlan0): Ignoring RA RA fe80::2223:51ff:fec6:81f4 -> ff02::1 30s 2804:29b8:5099:a8d1::/64 172800s/172800s DNS 10s 2804:29b8:1000:1::17 2804:29b8:1000:1::18  which matches RA fe80::2223:51ff:fec6:81f4 -> ff02::1 30s 2804:29b8:5099:a8d1::/64 172800s/172800s DNS 10s 2804:29b8:1000:1::17 2804:29b8:1000:1::18 
05-16 14:22:34.716  3224  3484 W bluetooth: packages/modules/MiuiBluetooth/system/bta/jv/bta_jv_act.cc:2184 bta_jv_idle_timeout_handler: : true
05-16 14:22:35.179 32259 32259 D ControlCenterHeaderExpandController: onExpansionChanged: progress =  0.0
05-16 14:22:35.182 32259 32259 D ControlCenterHeaderExpandController: onExpansionChanged: progress =  0.0
05-16 14:22:35.187 32259 32259 D ControlCenterHeaderExpandController: onExpansionChanged: progress =  0.0
05-16 14:22:35.196 32259 32259 D ControlCenterHeaderExpandController: onExpansionChanged: progress =  0.0
05-16 14:22:35.199  1272  1272 E MI-SF   : MiSurfaceFlingerImpl.cpp.vsyncId=460392208, oldVsyncId=460392200, layerName=StatusBar#59904
05-16 14:22:35.199  1272  1272 E MI-SF   : MiSurfaceFlingerImpl.cpp.vsyncId=460392208, mIsContainTask1=0, mIsContainTaskOther=0
05-16 14:22:35.201  1272  1272 E SurfaceFlinger: MiSurfaceFlingerStub isAnimationScene
05-16 14:22:35.487  2431  3355 W ActivityManager: Unable to start service Intent { cmp=com.rabbit.bubble.shooter.shan.game/QO0I8OIQ1I08.iIiI8IIO〇 } U=0: not found
05-16 14:22:35.531  3201  4535 D IpClient/wlan0: addressUpdated: 2804:29b8:5099:a8d1:ac78:fdff:fe50:e419/64 on ifindex 36 flags 0x00000100 scope 0
05-16 14:22:35.531  3201  4535 D IpClient/wlan0: addressUpdated: 2804:29b8:5099:a8d1:2ec3:12f3:4791:b404/64 on ifindex 36 flags 0x00000001 scope 0
05-16 14:22:35.531  3201  4535 W AlarmManager: Unrecognized alarm listener com.android.networkstack.android.net.ip.IpClientLinkObserver$Dhcp6PdPreferredPrefixAlarmListener@3b85266
05-16 14:22:35.532  3201  4535 D ApfFilter: (wlan0): Ignoring RA RA fe80::2223:51ff:fec6:81f4 -> ff02::1 30s 2804:29b8:5099:a8d1::/64 172800s/172800s DNS 10s 2804:29b8:1000:1::17 2804:29b8:1000:1::18  which matches RA fe80::2223:51ff:fec6:81f4 -> ff02::1 30s 2804:29b8:5099:a8d1::/64 172800s/172800s DNS 10s 2804:29b8:1000:1::17 2804:29b8:1000:1::18 
05-16 14:22:35.546  3201  4535 D IpClient/wlan0: addressUpdated: 2804:29b8:5099:a8d1:ac78:fdff:fe50:e419/64 on ifindex 36 flags 0x00000100 scope 0
05-16 14:22:35.547  3201  4535 D IpClient/wlan0: addressUpdated: 2804:29b8:5099:a8d1:2ec3:12f3:4791:b404/64 on ifindex 36 flags 0x00000001 scope 0
05-16 14:22:35.547  3201  4535 W AlarmManager: Unrecognized alarm listener com.android.networkstack.android.net.ip.IpClientLinkObserver$Dhcp6PdPreferredPrefixAlarmListener@3b85266
05-16 14:22:35.548  3201  4535 D ApfFilter: (wlan0): Ignoring RA RA fe80::2223:51ff:fec6:81f4 -> ff02::1 30s 2804:29b8:5099:a8d1::/64 172800s/172800s DNS 10s 2804:29b8:1000:1::17 2804:29b8:1000:1::18  which matches RA fe80::2223:51ff:fec6:81f4 -> ff02::1 30s 2804:29b8:5099:a8d1::/64 172800s/172800s DNS 10s 2804:29b8:1000:1::17 2804:29b8:1000:1::18 
05-16 14:22:35.716  3224  3484 W bluetooth: packages/modules/MiuiBluetooth/system/bta/jv/bta_jv_act.cc:2184 bta_jv_idle_timeout_handler: : true
05-16 14:22:36.057 15137 15137 W BpBinder: Linking to death on android.gui.ISurfaceComposer but there are no threads (yet?) listening to incoming transactions. See ProcessState::startThreadPool and ProcessState::setThreadPoolMaxThreadCount. Generally you should setup the binder threadpool before other initialization steps.
05-16 14:22:36.058 15137 15137 W ProcessState: Extra binder thread started, but 0 threads requested. Do not use *startThreadPool when zero threads are requested.
05-16 14:22:36.511  3201  4535 D IpClient/wlan0: addressUpdated: 2804:29b8:5099:a8d1:ac78:fdff:fe50:e419/64 on ifindex 36 flags 0x00000100 scope 0
05-16 14:22:36.512  3201  4535 D IpClient/wlan0: addressUpdated: 2804:29b8:5099:a8d1:2ec3:12f3:4791:b404/64 on ifindex 36 flags 0x00000001 scope 0
05-16 14:22:36.512  3201  4535 W AlarmManager: Unrecognized alarm listener com.android.networkstack.android.net.ip.IpClientLinkObserver$Dhcp6PdPreferredPrefixAlarmListener@3b85266
05-16 14:22:36.513  3201  4535 D ApfFilter: (wlan0): Ignoring RA RA fe80::2223:51ff:fec6:81f4 -> ff02::1 30s 2804:29b8:5099:a8d1::/64 172800s/172800s DNS 10s 2804:29b8:1000:1::17 2804:29b8:1000:1::18  which matches RA fe80::2223:51ff:fec6:81f4 -> ff02::1 30s 2804:29b8:5099:a8d1::/64 172800s/172800s DNS 10s 2804:29b8:1000:1::17 2804:29b8:1000:1::18 
05-16 14:22:36.538  3201  4535 D IpClient/wlan0: addressUpdated: 2804:29b8:5099:a8d1:ac78:fdff:fe50:e419/64 on ifindex 36 flags 0x00000100 scope 0
05-16 14:22:36.538  3201  4535 D IpClient/wlan0: addressUpdated: 2804:29b8:5099:a8d1:2ec3:12f3:4791:b404/64 on ifindex 36 flags 0x00000001 scope 0
05-16 14:22:36.538  3201  4535 W AlarmManager: Unrecognized alarm listener com.android.networkstack.android.net.ip.IpClientLinkObserver$Dhcp6PdPreferredPrefixAlarmListener@3b85266
05-16 14:22:36.539  3201  4535 D ApfFilter: (wlan0): Ignoring RA RA fe80::2223:51ff:fec6:81f4 -> ff02::1 30s 2804:29b8:5099:a8d1::/64 172800s/172800s DNS 10s 2804:29b8:1000:1::17 2804:29b8:1000:1::18  which matches RA fe80::2223:51ff:fec6:81f4 -> ff02::1 30s 2804:29b8:5099:a8d1::/64 172800s/172800s DNS 10s 2804:29b8:1000:1::17 2804:29b8:1000:1::18 
05-16 14:22:36.669  2431  2719 D MiuiNetworkPolicy: updateLimit mLimitEnabled=true,enabled=false,mNetworkPriorityMode=0,mThermalForceMode=0
05-16 14:22:36.670  2431  2719 I MiuiNetworkPolicy: getDisableLimitTimeout when thermal mode is:0
05-16 14:22:36.715  3224  3484 W bluetooth: packages/modules/MiuiBluetooth/system/bta/jv/bta_jv_act.cc:2184 bta_jv_idle_timeout_handler: : true
05-16 14:22:36.958 15141 15141 D AndroidRuntime: >>>>>> START com.android.internal.os.RuntimeInit uid 2000 <<<<<<
05-16 14:22:36.969 15141 15141 I app_process: MMAP_TRYLOCK is supported in uffd errno:2 addr:0x7ee7421000 size:4096
05-16 14:22:36.971 15141 15141 I AndroidRuntime: Using default boot image
05-16 14:22:36.971 15141 15141 I AndroidRuntime: Leaving lock profiling enabled
05-16 14:22:36.987 15141 15141 I app_process: Using CollectorTypeCMC GC.
05-16 14:22:37.144 15141 15141 D nativeloader: InitDefaultPublicLibraries for_preload=1: libandroid.so:libaaudio.so:libamidi.so:libbinder_ndk.so:libc.so:libcamera2ndk.so:libdl.so:libEGL.so:libGLESv1_CM.so:libGLESv2.so:libGLESv3.so:libicu.so:libicui18n.so:libicuuc.so:libjnigraphics.so:liblog.so:libmediandk.so:libm.so:libnativehelper.so:libnativewindow.so:libOpenMAXAL.so:libOpenSLES.so:libRS.so:libstdc++.so:libsync.so:libvulkan.so:libwebviewchromium_plat_support.so:libz.so
05-16 14:22:37.178 15141 15141 D nativeloader: Load libicu_jni.so using APEX ns com_android_art for caller /apex/com.android.art/javalib/core-oj.jar: ok
05-16 14:22:37.179 15141 15141 D app_process: u_setTimeZoneFilesDirectory("/apex/com.android.tzdata/etc/tz/versioned/8/icu") succeeded. 
05-16 14:22:37.179 15141 15141 D app_process: I18n APEX ICU file found: /apex/com.android.i18n/etc/icu/icudt75l.dat
05-16 14:22:37.185 15141 15141 D nativeloader: Load libjavacore.so using APEX ns com_android_art for caller /apex/com.android.art/javalib/core-oj.jar: ok
05-16 14:22:37.189 15141 15141 D nativeloader: Load libopenjdk.so using APEX ns com_android_art for caller /apex/com.android.art/javalib/core-oj.jar: ok
05-16 14:22:37.196 15141 15141 I app_process: Priority-to-niceness mapping: 19, 16, 13, 10, 0, -2, -4, -5, -6, -8
05-16 14:22:37.287 15141 15141 W libc    : Access denied finding property "ro.vendor.mi_fake_32bit_support"
05-16 14:22:37.288 15141 15141 D nativeloader: Load libframework-connectivity-tiramisu-jni.so using APEX ns com_android_tethering for caller /apex/com.android.tethering/javalib/framework-connectivity-t.jar: ok
05-16 14:22:37.289 15141 15141 D AndroidRuntime: Calling main entry com.android.commands.uiautomator.Launcher
05-16 14:22:37.301  1689  1689 I wificond: station_bandwidth: (
05-16 14:22:37.301  2431  2720 D WifiClientModeImpl[510989268:wlan0]: updateLinkLayerStatsRssiSpeedFrequencyCapabilities rssi=-60 TxLinkspeed=200 freq=5180 RxLinkSpeed=200
05-16 14:22:37.301  2431  2720 I WifiService: getConnectionInfo uid=1000
05-16 14:22:37.302  2431  2720 V WifiService: Clearing REDACT_FOR_LOCAL_MAC_ADDRESS for android(uid=1000)
05-16 14:22:37.302  2431  2720 V WifiService: Clearing REDACT_FOR_NETWORK_SETTINGS for android(uid=1000)
05-16 14:22:37.302  2431  2720 V WifiService: Clearing REDACT_FOR_ACCESS_FINE_LOCATION for android(uid=1000)
05-16 14:22:37.302  2431  2720 D WifiDataStall: tx tput in kbps: 178867
05-16 14:22:37.302  2431  2720 D WifiDataStall: rx tput in kbps: 188281
05-16 14:22:37.302  2431  2720 V WifiConfigManager: Updating scan detail cache freq=5180 BSSID=20:23:51:c6:81:f6 RSSI=-59 for "brisa-1874097"WPA_PSK
05-16 14:22:37.302 15141 15141 W MiuiStubRegistry: Failed to collect stub providers in com.miui.autoui.MIUIAutoUIStub$$: /system_ext/framework/miui-framework.autoui.jar not exist
05-16 14:22:37.302  2431  2720 D WifiChannelUtilization:  freq: 5180 onTime: 36277561 busyTime: 2649452 onTimeDiff: 1209 busyTimeDiff: 36 utilization: 7 utilization t0: 18
05-16 14:22:37.302 15141 15141 W MiuiStubRegistry: Failed to collect stub providers in android.hovermode.MiuiHoverModeStub$$: /system_ext/framework/miui-framework.hovermode.jar not exist
05-16 14:22:37.303 15141 15141 W MiuiFrameworkImpl: MiuiFrameworkImpl already collected
05-16 14:22:37.303  2431  2720 D WifiDataStall:  ccaLevel = 15
05-16 14:22:37.303  2431  2720 D WifiDataStall: L2 txTputKbps: 161921, rxTputKbps: 188281, L3 txTputKbps: 421, rxTputKbps: 13, TxTrafficHigh: true, RxTrafficHigh: true, Throughput Sufficient: true
05-16 14:22:37.304  2431  2720 D WifiScoreCard: BSSID update SIGNAL_POLL ID: 1153102848 SSID: "brisa-1874097", BSSID: 20:23:51:c6:81:f6, MAC: ae:78:fd:50:e4:19, IP: /192.168.0.5, Security type: 2, Supplicant state: COMPLETED, Wi-Fi standard: 11ac, RSSI: -60, Link speed: 200Mbps, Tx Link speed: 200Mbps, Max Supported Tx Link speed: 200Mbps, Rx Link speed: 200Mbps, Max Supported Rx Link speed: 200Mbps, Frequency: 5180MHz, Net ID: 171, Metered hint: false, score: 60, isUsable: true, CarrierMerged: false, SubscriptionId: -1, IsPrimary: 1, Trusted: true, Restricted: false, Ephemeral: false, OEM paid: false, OEM private: false, OSU AP: false, FQDN: <none>, Provider friendly name: <none>, Requesting package name: <none>"brisa-1874097"wpa2-pskMLO Information: , Is TID-To-Link negotiation supported by the AP: false, AP MLD Address: <none>, AP MLO Link Id: <none>, AP MLO Affiliated links: <none>, Vendor Data: <none>
05-16 14:22:37.304  2431  2720 D WifiScoreCard: txRate: 21 txSpeed: 200
05-16 14:22:37.304  2431  2720 D WifiScoreCard: network update SIGNAL_POLL "brisa-1874097" ID: 1095061241 RSSI -60 txSpeed 200
05-16 14:22:37.305 20100 20111 I MediaSyncManager_20100_20111: SettingsContentObserver onChange onSync true
05-16 14:22:37.305  2431  2720 D WifiClientModeImpl[510989268:wlan0]:  ClientModeImpl$L2ConnectedState screen=on 1701 0 "brisa-1874097" 20:23:51:c6:81:f6 rssi=-60 f=5180 sc= 60, mSwithInWeakNet: false [updated score = 60,  failpercent=0 { out=2 in=2 lost=0 inretrans=0 total retrans=0 tmo=0 inflight=0 minRtt=3469 avgRtt=110974 avgRttVar=22817 avgRcvRtt=95120}] link=200 tx=17.8, 3.0, 0.0 rx=9.9 bcn=4719988 [on:1209 tx:19 rx:9 period:3022] from screen [on:763202 period:3764465] score=60
05-16 14:22:37.305 15141 15141 W MiuiStubRegistry: Failed to collect stub providers
05-16 14:22:37.305 15141 15141 W MiuiStubRegistry: java.lang.ClassNotFoundException: android.powerconsumption.MiuiDrawableStub$$
05-16 14:22:37.305 15141 15141 W MiuiStubRegistry: 	at java.lang.Class.classForName(Native Method)
05-16 14:22:37.305 15141 15141 W MiuiStubRegistry: 	at java.lang.Class.forName(Class.java:591)
05-16 14:22:37.305 15141 15141 W MiuiStubRegistry: 	at com.miui.base.MiuiStubRegistry.collectStubProviders(MiuiStubRegistry.java:149)
05-16 14:22:37.305 15141 15141 W MiuiStubRegistry: 	at com.miui.base.MiuiStubRegistry.init(MiuiStubRegistry.java:82)
05-16 14:22:37.305 15141 15141 W MiuiStubRegistry: 	at com.miui.base.MiuiStubRegistry.init(MiuiStubRegistry.java:56)
05-16 14:22:37.305 15141 15141 W MiuiStubRegistry: 	at android.powerconsumption.MiuiDrawableStub.<clinit>(MiuiDrawableStub.java:13)
05-16 14:22:37.305 15141 15141 W MiuiStubRegistry: 	at com.miui.base.MiuiFrameworkRouter.init(MiuiFrameworkRouter.java:48)
05-16 14:22:37.305 15141 15141 W MiuiStubRegistry: 	at com.miui.base.MiuiStubRegistry.<clinit>(MiuiStubRegistry.java:52)
05-16 14:22:37.305 15141 15141 W MiuiStubRegistry: 	at com.miui.base.MiuiStubUtil.getInstance(MiuiStubUtil.java:50)
05-16 14:22:37.305 15141 15141 W MiuiStubRegistry: 	at miui.mqsas.ScoutUtilsStub.<clinit>(ScoutUtilsStub.java:10)
05-16 14:22:37.305 15141 15141 W MiuiStubRegistry: 	at android.os.perfdebug.MessageMonitor.<clinit>(MessageMonitor.java:23)
05-16 14:22:37.305 15141 15141 W MiuiStubRegistry: 	at android.os.Looper.<init>(Looper.java:389)
05-16 14:22:37.305 15141 15141 W MiuiStubRegistry: 	at android.os.Looper.prepare(Looper.java:129)
05-16 14:22:37.305 15141 15141 W MiuiStubRegistry: 	at android.os.Looper.prepareMainLooper(Looper.java:141)
05-16 14:22:37.305 15141 15141 W MiuiStubRegistry: 	at com.android.uiautomator.core.UiAutomationShellWrapper.connect(UiAutomationShellWrapper.java:33)
05-16 14:22:37.305 15141 15141 W MiuiStubRegistry: 	at com.android.commands.uiautomator.DumpCommand.run(DumpCommand.java:78)
05-16 14:22:37.305 15141 15141 W MiuiStubRegistry: 	at com.android.commands.uiautomator.Launcher.main(Launcher.java:83)
05-16 14:22:37.305 15141 15141 W MiuiStubRegistry: 	at com.android.internal.os.RuntimeInit.nativeFinishInit(Native Method)
05-16 14:22:37.305 15141 15141 W MiuiStubRegistry: 	at com.android.internal.os.RuntimeInit.main(RuntimeInit.java:382)
05-16 14:22:37.305 15141 15141 W MiuiStubRegistry: Caused by: java.lang.ClassNotFoundException: android.powerconsumption.MiuiDrawableStub$$
05-16 14:22:37.305 15141 15141 W MiuiStubRegistry: 	... 19 more
05-16 14:22:37.311 15141 15141 I MessageMonitor: Load libmiui_runtime
05-16 14:22:37.315 15141 15141 D nativeloader: Load libmiui_runtime.so using system ns (caller=/system_ext/framework/miui-framework.jar): ok
05-16 14:22:37.316 15141 15141 E app_process: register_android_view_SurfaceRuntimeShader  
05-16 14:22:37.316 15141 15141 E app_process: register_android_view_SurfaceRuntimeShader  0
05-16 14:22:37.320 15141 15141 D UiAutomationConnection: Created on user UserHandle{0}
05-16 14:22:37.320 15141 15141 I UiAutomation: Initialized for user 0 on display 0
05-16 14:22:37.320 15141 15141 W UiAutomation: Created with deprecatead constructor, assumes DEFAULT_DISPLAY
05-16 14:22:37.323  2431  3673 D AccessibilityManagerService: changeCurrentUserForTestAutomationIfNeededLocked(0): ignoring because device doesn't support visible background users
05-16 14:22:37.324  2431  3673 I UiAutomationManager: Registering UiTestAutomationService (id=com.android.server.accessibility/UiAutomation, flags=0x0) when called by user 0
05-16 14:22:37.325  2431  3673 W MagnificationConnectionManager: requestConnection duplicated request: connect=false, mConnectionState=DISCONNECTED
05-16 14:22:37.329  1272  1272 E SurfaceFlinger: MiSurfaceFlingerStub isAnimationScene
05-16 14:22:37.342  2431  3673 W MagnificationConnectionManager: requestConnection duplicated request: connect=false, mConnectionState=DISCONNECTED
05-16 14:22:37.346  1272  1272 E MI-SF   : MiSurfaceFlingerImpl.cpp.vsyncId=460396669, oldVsyncId=460392208, layerName=WindowToken{4ea6d1e type=2032 android.os.Binder@dcd3d59}#73126
05-16 14:22:37.346  1272  1272 E MI-SF   : MiSurfaceFlingerImpl.cpp.vsyncId=460396669, mIsContainTask1=0, mIsContainTaskOther=0
05-16 14:22:37.347  1272  1272 E SurfaceFlinger: MiSurfaceFlingerStub isAnimationScene
05-16 14:22:37.348  2431  2431 D AS.AudioService: Accessibility volume enabled = false
05-16 14:22:37.360 14873 14878 W .android.camera: userfaultfd: MOVE ioctl seems unsupported: Connection timed out
05-16 14:22:37.361  7922  7922 I SafetyCenterAccessibilityListener: accessibility event occurred, safety center feature not enabled.
05-16 14:22:37.370  1272  1272 E MI-SF   : MiSurfaceFlingerImpl.cpp.vsyncId=460396698, oldVsyncId=460396669, layerName=NavigationBar0#62885
05-16 14:22:37.370  1272  1272 E MI-SF   : MiSurfaceFlingerImpl.cpp.vsyncId=460396698, mIsContainTask1=0, mIsContainTaskOther=0
05-16 14:22:37.371  1272  1272 E SurfaceFlinger: MiSurfaceFlingerStub isAnimationScene
05-16 14:22:37.561  3201  4535 D IpClient/wlan0: addressUpdated: 2804:29b8:5099:a8d1:ac78:fdff:fe50:e419/64 on ifindex 36 flags 0x00000100 scope 0
05-16 14:22:37.562  3201  4535 D IpClient/wlan0: addressUpdated: 2804:29b8:5099:a8d1:2ec3:12f3:4791:b404/64 on ifindex 36 flags 0x00000001 scope 0
05-16 14:22:37.562  3201  4535 W AlarmManager: Unrecognized alarm listener com.android.networkstack.android.net.ip.IpClientLinkObserver$Dhcp6PdPreferredPrefixAlarmListener@3b85266
05-16 14:22:37.562  3201  4535 D IpClient/wlan0: addressUpdated: 2804:29b8:5099:a8d1:ac78:fdff:fe50:e419/64 on ifindex 36 flags 0x00000100 scope 0
05-16 14:22:37.562  3201  4535 D IpClient/wlan0: addressUpdated: 2804:29b8:5099:a8d1:2ec3:12f3:4791:b404/64 on ifindex 36 flags 0x00000001 scope 0
05-16 14:22:37.562  3201  4535 W AlarmManager: Unrecognized alarm listener com.android.networkstack.android.net.ip.IpClientLinkObserver$Dhcp6PdPreferredPrefixAlarmListener@3b85266
05-16 14:22:37.563  3201  4535 D ApfFilter: (wlan0): Ignoring RA RA fe80::2223:51ff:fec6:81f4 -> ff02::1 30s 2804:29b8:5099:a8d1::/64 172800s/172800s DNS 10s 2804:29b8:1000:1::17 2804:29b8:1000:1::18  which matches RA fe80::2223:51ff:fec6:81f4 -> ff02::1 30s 2804:29b8:5099:a8d1::/64 172800s/172800s DNS 10s 2804:29b8:1000:1::17 2804:29b8:1000:1::18 
05-16 14:22:37.563  3201  4535 D ApfFilter: (wlan0): Ignoring RA RA fe80::2223:51ff:fec6:81f4 -> ff02::1 30s 2804:29b8:5099:a8d1::/64 172800s/172800s DNS 10s 2804:29b8:1000:1::17 2804:29b8:1000:1::18  which matches RA fe80::2223:51ff:fec6:81f4 -> ff02::1 30s 2804:29b8:5099:a8d1::/64 172800s/172800s DNS 10s 2804:29b8:1000:1::17 2804:29b8:1000:1::18 
05-16 14:22:37.716  3224  3484 W bluetooth: packages/modules/MiuiBluetooth/system/bta/jv/bta_jv_act.cc:2184 bta_jv_idle_timeout_handler: : true
05-16 14:22:37.988 27380 14316 I NearbyMediums: No BLE Fast/GATT advertisements found in the latest cycle.
05-16 14:22:37.988 27380 14316 I NearbyMediums: Current Tracked Scanning Clients are : {NearbyConnections.EnvironmentMonitor, NearbySharing}
05-16 14:22:38.188   805   805 E KeymasterUtils: rsp_header->status: -28
05-16 14:22:38.188   805   805 E KeyMasterHalDevice: abort_operation
05-16 14:22:38.188   805   805 E KeyMasterHalDevice: ret: -28
05-16 14:22:38.239 14588 14666 W otter:(ForegroundServiceExtension.kt:58)#c: java.lang.IllegalStateException: Cannot start foreground Service when the app runs in background!
05-16 14:22:38.239 14588 14666 W otter:(ForegroundServiceExtension.kt:58)#c: 	at com.aisense.otter.util.ForegroundServiceExtensionKt.c(ForegroundServiceExtension.kt:55)
05-16 14:22:38.239 14588 14666 W otter:(ForegroundServiceExtension.kt:58)#c: 	at com.aisense.otter.service.AudioUploadService$Companion$resumeUpload$1$1.invokeSuspend(AudioUploadService.kt:29)
05-16 14:22:38.239 14588 14666 W otter:(ForegroundServiceExtension.kt:58)#c: 	at kotlin.coroutines.jvm.internal.BaseContinuationImpl.resumeWith(ContinuationImpl.kt:12)
05-16 14:22:38.239 14588 14666 W otter:(ForegroundServiceExtension.kt:58)#c: 	at kotlinx.coroutines.V.run(DispatchedTask.kt:129)
05-16 14:22:38.239 14588 14666 W otter:(ForegroundServiceExtension.kt:58)#c: 	at kotlinx.coroutines.scheduling.CoroutineScheduler.K(CoroutineScheduler.kt:1)
05-16 14:22:38.239 14588 14666 W otter:(ForegroundServiceExtension.kt:58)#c: 	at kotlinx.coroutines.scheduling.CoroutineScheduler$c.d(CoroutineScheduler.kt:15)
05-16 14:22:38.239 14588 14666 W otter:(ForegroundServiceExtension.kt:58)#c: 	at kotlinx.coroutines.scheduling.CoroutineScheduler$c.p(CoroutineScheduler.kt:29)
05-16 14:22:38.239 14588 14666 W otter:(ForegroundServiceExtension.kt:58)#c: 	at kotlinx.coroutines.scheduling.CoroutineScheduler$c.run(CoroutineScheduler.kt:1)
05-16 14:22:38.439 15040 15067 E sinalseguro.app: FrameInsert open fail: No such file or directory
05-16 14:22:38.447  1272  1272 E MI-SF   : MiSurfaceFlingerImpl.cpp.vsyncId=460396727, oldVsyncId=460396698, layerName=br.com.sinalseguro.app/br.com.sinalseguro.app.MainActivity#73121
05-16 14:22:38.447  1272  1272 E MI-SF   : MiSurfaceFlingerImpl.cpp.vsyncId=460396727, mIsContainTask1=0, mIsContainTaskOther=0
05-16 14:22:38.449  1272  1272 E SurfaceFlinger: MiSurfaceFlingerStub isAnimationScene
05-16 14:22:38.470  2431  3750 W MagnificationConnectionManager: requestConnection duplicated request: connect=false, mConnectionState=DISCONNECTED
05-16 14:22:38.471  2431  3750 D AccessibilityManagerService: restoreCurrentUserForTestAutomationIfNeededLocked(): ignoring because device doesn't support visible background users
05-16 14:22:38.479 15141 15141 D AndroidRuntime: Shutting down VM
05-16 14:22:38.481  1272  1272 E MI-SF   : MiSurfaceFlingerImpl.cpp.vsyncId=460397646, oldVsyncId=460396727, layerName=WindowToken{4ea6d1e type=2032 android.os.Binder@dcd3d59}#73126
05-16 14:22:38.481  1272  1272 E MI-SF   : MiSurfaceFlingerImpl.cpp.vsyncId=460397646, mIsContainTask1=0, mIsContainTaskOther=0
05-16 14:22:38.484  1272  1272 E SurfaceFlinger: MiSurfaceFlingerStub isAnimationScene
05-16 14:22:38.494  1272  1272 E SurfaceFlinger: MiSurfaceFlingerStub isAnimationScene
05-16 14:22:38.502  3201  4535 D IpClient/wlan0: addressUpdated: 2804:29b8:5099:a8d1:ac78:fdff:fe50:e419/64 on ifindex 36 flags 0x00000100 scope 0
05-16 14:22:38.502  3201  4535 D IpClient/wlan0: addressUpdated: 2804:29b8:5099:a8d1:2ec3:12f3:4791:b404/64 on ifindex 36 flags 0x00000001 scope 0
05-16 14:22:38.502  3201  4535 W AlarmManager: Unrecognized alarm listener com.android.networkstack.android.net.ip.IpClientLinkObserver$Dhcp6PdPreferredPrefixAlarmListener@3b85266
05-16 14:22:38.503  3201  4535 D ApfFilter: (wlan0): Ignoring RA RA fe80::2223:51ff:fec6:81f4 -> ff02::1 30s 2804:29b8:5099:a8d1::/64 172800s/172800s DNS 10s 2804:29b8:1000:1::17 2804:29b8:1000:1::18  which matches RA fe80::2223:51ff:fec6:81f4 -> ff02::1 30s 2804:29b8:5099:a8d1::/64 172800s/172800s DNS 10s 2804:29b8:1000:1::17 2804:29b8:1000:1::18 
05-16 14:22:38.598  3201  4535 D IpClient/wlan0: addressUpdated: 2804:29b8:5099:a8d1:ac78:fdff:fe50:e419/64 on ifindex 36 flags 0x00000100 scope 0
05-16 14:22:38.599  3201  4535 D IpClient/wlan0: addressUpdated: 2804:29b8:5099:a8d1:2ec3:12f3:4791:b404/64 on ifindex 36 flags 0x00000001 scope 0
05-16 14:22:38.599  3201  4535 W AlarmManager: Unrecognized alarm listener com.android.networkstack.android.net.ip.IpClientLinkObserver$Dhcp6PdPreferredPrefixAlarmListener@3b85266
05-16 14:22:38.600  3201  4535 D ApfFilter: (wlan0): Ignoring RA RA fe80::2223:51ff:fec6:81f4 -> ff02::1 30s 2804:29b8:5099:a8d1::/64 172800s/172800s DNS 10s 2804:29b8:1000:1::17 2804:29b8:1000:1::18  which matches RA fe80::2223:51ff:fec6:81f4 -> ff02::1 30s 2804:29b8:5099:a8d1::/64 172800s/172800s DNS 10s 2804:29b8:1000:1::17 2804:29b8:1000:1::18 
05-16 14:22:38.716  3224  3484 W bluetooth: packages/modules/MiuiBluetooth/system/bta/jv/bta_jv_act.cc:2184 bta_jv_idle_timeout_handler: : true
05-16 14:22:38.818  2431  5382 D Aurogon :  packageName = com.google.android.gms isAllowWakeUpList 
05-16 14:22:38.827  2431  5382 D Aurogon :  packageName = com.google.android.gms isAllowWakeUpList 
05-16 14:22:38.831  2431  3750 D Aurogon :  packageName = com.google.android.gms isAllowWakeUpList 
05-16 14:22:39.180 32259 32259 D ControlCenterHeaderExpandController: onExpansionChanged: progress =  0.0
05-16 14:22:39.183 32259 32259 D ControlCenterHeaderExpandController: onExpansionChanged: progress =  0.0
05-16 14:22:39.186 32259 32259 D ControlCenterHeaderExpandController: onExpansionChanged: progress =  0.0
05-16 14:22:39.194 32259 32259 D ControlCenterHeaderExpandController: onExpansionChanged: progress =  0.0
05-16 14:22:39.196  1272  1272 E MI-SF   : MiSurfaceFlingerImpl.cpp.vsyncId=460397676, oldVsyncId=460397646, layerName=StatusBar#59904
05-16 14:22:39.196  1272  1272 E MI-SF   : MiSurfaceFlingerImpl.cpp.vsyncId=460397676, mIsContainTask1=0, mIsContainTaskOther=0
05-16 14:22:39.198  1272  1272 E SurfaceFlinger: MiSurfaceFlingerStub isAnimationScene
05-16 14:22:39.232 20100  9019 I TimeTracker_20100_9019: trackProcessAlive() called duration 1452, miill 1778952159231, start 1778864996137
05-16 14:22:39.381 32292 32351 E evos    : (REDACTED) Trace %s timed out after %d ms. Complete trace: %s
05-16 14:22:39.381 32292 32351 E evos    : evqc: 
05-16 14:22:39.381 32292 32351 E evos    : 	at tk_trace.LocationUpdateRequester#isEnabled(Started After:30)
05-16 14:22:39.381 32292 32351 E evos    : 	at tk_trace.LocationUpdateRequester#requestOrRemoveLocationUpdates(Started After:30)
05-16 14:22:39.381 32292 32351 E evos    : 	at tk_trace.LocationUpdateRequestScheduler#scheduleLocationUpdateRequest(Started After:30)
05-16 14:22:39.381 32292 32351 E evos    : 	at tk_trace.LocationUpdateApplicationStartupListener#onApplicationStartup(Started After:0)
05-16 14:22:39.381 32292 32351 E evos    : 	at tk_trace.LocationUpdateApplicationStartupListener(Started After:0)
05-16 14:22:39.381 32292 32351 E evos    : 	at tk_trace.Startup Listeners(Started After:0)
05-16 14:22:39.381 32292 32351 E evos    : 	at tk_trace.Application.onCreate(Started After:0)
05-16 14:22:39.381 32292 32351 E evos    : 	at tk_trace.Application creation(Started After:0)
05-16 14:22:39.387 32292 32466 E evos    : (REDACTED) Trace %s timed out after %d ms. Complete trace: %s
05-16 14:22:39.387 32292 32466 E evos    : evqc: 
05-16 14:22:39.387 32292 32466 E evos    : 	at tk_trace.DISCOVER_STREAMING_CONNECTION_CLOSED (Timed Out)(Started After:6)
05-16 14:22:39.387 32292 32466 E evos    : 	at tk_trace.SlidingPanel animator listener(Started After:0)
05-16 14:22:39.387 32292 32466 E evos    : 	Suppressed: evqb: 
05-16 14:22:39.387 32292 32466 E evos    : 		at tk_trace.DISCOVER_STREAMING_CONNECTION_CLOSED(unfinished)(Unknown Source:0)
05-16 14:22:39.387 32292 32466 E evos    : 		at tk_trace.SlidingPanel animator listener 0 ms(Unknown Source:0)
05-16 14:22:39.387 32292 32466 E evos    : 	Suppressed: evqb: 
05-16 14:22:39.387 32292 32466 E evos    : 		at tk_trace.DISCOVER_TNG_ACTION_UPLOAD_REQUEST_COMPLETED(unfinished)(Unknown Source:0)
05-16 14:22:39.387 32292 32466 E evos    : 		at tk_trace.SlidingPanel animator listener 0 ms(Unknown Source:0)
05-16 14:22:39.387 32292 32466 E evos    : 	Suppressed: evqb: 
05-16 14:22:39.387 32292 32466 E evos    : 		at tk_trace.DISCOVER_RESPONSE_RECEIVED(unfinished)(Unknown Source:0)
05-16 14:22:39.387 32292 32466 E evos    : 		at tk_trace.SlidingPanel animator listener 0 ms(Unknown Source:0)
05-16 14:22:39.387 32292 32466 E evos    : 	Suppressed: evqb: 
05-16 14:22:39.387 32292 32466 E evos    : 		at tk_trace.DISCOVER_STREAMING_ACTION_PAYLOAD_ACKNOWLEDGED(unfinished)(Unknown Source:0)
05-16 14:22:39.387 32292 32466 E evos    : 		at tk_trace.SlidingPanel animator listener 0 ms(Unknown Source:0)
05-16 14:22:39.387 32292 32466 E evos    : 	Suppressed: evqb: 
05-16 14:22:39.387 32292 32466 E evos    : 		at tk_trace.DISCOVER_STREAMING_INITIALIZATION_ACKNOWLEDGED(unfinished)(Unknown Source:0)
05-16 14:22:39.387 32292 32466 E evos    : 		at tk_trace.SlidingPanel animator listener 0 ms(Unknown Source:0)
05-16 14:22:39.387 32292 32466 E evos    : 	Suppressed: evqb: 
05-16 14:22:39.387 32292 32466 E evos    : 		at tk_trace.DISCOVER_STREAMING_INITIALIZATION_SENT(unfinished)(Unknown Source:0)
05-16 14:22:39.387 32292 32466 E evos    : 		at tk_trace.SlidingPanel animator listener 0 ms(Unknown Source:0)
05-16 14:22:39.387 32292 32466 E evos    : 	Suppressed: evqb: 
05-16 14:22:39.387 32292 32466 E evos    : 		at tk_trace.GOOGLEAPP_PROMO_MANAGER_FETCH_START(unfinished)(Unknown Source:0)
05-16 14:22:39.387 32292 32466 E evos    : 		at tk_trace.PromoManagerDataServiceImplshowPromogettingPromotionContent 6 ms(Unknown Source:0)
05-16 14:22:39.387 32292 32466 E evos    : 		at tk_trace.PromoManagerDataServiceImplshowPromo 1 ms(Unknown Source:0)
05-16 14:22:39.387 32292 32466 E evos    : 		at tk_trace.PromoManagerDataServiceImplshowPromoOnTabTypeLoad 2 ms(Unknown Source:0)
05-16 14:22:39.387 32292 32466 E evos    : 		at tk_trace.SlidingPanel animator listener 0 ms(Unknown Source:0)
05-16 14:22:39.387 32292 32466 E evos    : 	Suppressed: evqb: 
05-16 14:22:39.387 32292 32466 E evos    : 		at tk_trace.DISCOVER_STREAMING_CONNECTION_START(unfinished)(Unknown Source:0)
05-16 14:22:39.387 32292 32466 E evos    : 		at tk_trace.SlidingPanel animator listener 0 ms(Unknown Source:0)
05-16 14:22:39.387 32292 32466 E evos    : 	Suppressed: evqb: 
05-16 14:22:39.387 32292 32466 E evos    : 		at tk_trace.MINUS_ONE_FULLY_SWIPED_IN(unfinished)(Unknown Source:0)
05-16 14:22:39.387 32292 32466 E evos    : 		at tk_trace.SlidingPanel animator listener 0 ms(Unknown Source:0)
05-16 14:22:39.387 32292 32466 E evos    : 	Suppressed: evqb: 
05-16 14:22:39.387 32292 32466 E evos    : 		at tk_trace.ACETONE_OVERLAY_TRANSITION_COMPLETE(unfinished)(Unknown Source:0)
05-16 14:22:39.387 32292 32466 E evos    : 		at tk_trace.SlidingPanel animator listener 0 ms(Unknown Source:0)
05-16 14:22:39.387 32292 32466 E evos    : 	Suppressed: evqb: 
05-16 14:22:39.387 32292 32466 E evos    : 		at tk_trace.Suppressed exceptions exceeds the limit 10, additional unfinished spans will not be reported(Unknown Source:0)
05-16 14:22:39.387 32292 32463 E evos    : (REDACTED) Trace %s timed out after %d ms. Complete trace: %s
05-16 14:22:39.387 32292 32463 E evos    : evqc: 
05-16 14:22:39.387 32292 32463 E evos    : 	at tk_trace.Write CustomTabsAvailabilityData(Started After:3)
05-16 14:22:39.387 32292 32463 E evos    : 	at tk_trace.Update CustomTabsAvailabilityData(Started After:3)
05-16 14:22:39.387 32292 32463 E evos    : 	at tk_trace.UrlLaunchOptimizer#performLightPrewarming(Started After:2)
05-16 14:22:39.387 32292 32463 E evos    : 	at tk_trace.DiscoverStreamFragmentPeer#onFeedRendered(Started After:2)
05-16 14:22:39.387 32292 32463 E evos    : 	at tk_trace.onAccountReady(Started After:0)
05-16 14:22:39.387 32292 32463 E evos    : 	at tk_trace.onSuccess FuturesMixin(Started After:0)
05-16 14:22:39.387 32292 32463 E evos    : 	at tk_trace.OverlayBinder.setActivityState(Started After:0)
05-16 14:22:39.387 32292 32463 E evos    : 	at tk_trace.Invoking OverlayBinder(Started After:0)
05-16 14:22:39.387 32292 32463 E evos    : 	Suppressed: evqb: 
05-16 14:22:39.387 32292 32463 E evos    : 		at tk_trace.DISCOVER_ATF_RENDER_END(unfinished)(Unknown Source:0)
05-16 14:22:39.387 32292 32463 E evos    : 		at tk_trace.handleNewRenderableStream 69 ms(Unknown Source:0)
05-16 14:22:39.387 32292 32463 E evos    : 		at tk_trace.SubscriptionCallbacks.onNewData 71 ms(Unknown Source:0)
05-16 14:22:39.387 32292 32463 E evos    : 		at tk_trace.onAccountReady 630 ms(Unknown Source:0)
05-16 14:22:39.387 32292 32463 E evos    : 		at tk_trace.onSuccess FuturesMixin 633 ms(Unknown Source:0)
05-16 14:22:39.387 32292 32463 E evos    : 		at tk_trace.OverlayBinder.setActivityState 0 ms(Unknown Source:0)
05-16 14:22:39.387 32292 32463 E evos    : 		at tk_trace.Invoking OverlayBinder 0 ms(Unknown Source:0)
05-16 14:22:39.387 32292 32463 E evos    : 	Suppressed: evqb: 
05-16 14:22:39.387 32292 32463 E evos    : 		at tk_trace.DISCOVER_ATF_RENDER_START(unfinished)(Unknown Source:0)
05-16 14:22:39.387 32292 32463 E evos    : 		at tk_trace.handleNewRenderableStream 69 ms(Unknown Source:0)
05-16 14:22:39.387 32292 32463 E evos    : 		at tk_trace.SubscriptionCallbacks.onNewData 71 ms(Unknown Source:0)
05-16 14:22:39.387 32292 32463 E evos    : 		at tk_trace.onAccountReady 630 ms(Unknown Source:0)
05-16 14:22:39.387 32292 32463 E evos    : 		at tk_trace.onSuccess FuturesMixin 633 ms(Unknown Source:0)
05-16 14:22:39.387 32292 32463 E evos    : 		at tk_trace.OverlayBinder.setActivityState 0 ms(Unknown Source:0)
05-16 14:22:39.387 32292 32463 E evos    : 		at tk_trace.Invoking OverlayBinder 0 ms(Unknown Source:0)
05-16 14:22:39.387 32292 32463 E evos    : 	Suppressed: evqb: 
05-16 14:22:39.387 32292 32463 E evos    : 		at tk_trace.DISCOVER_CACHE_READ_END(unfinished)(Unknown Source:0)
05-16 14:22:39.387 32292 32463 E evos    : 		at tk_trace.RSDS.loadData 183 ms(Unknown Source:0)
05-16 14:22:39.387 32292 32463 E evos    : 		at tk_trace.DataSource loadData() 185 ms(Unknown Source:0)
05-16 14:22:39.387 32292 32463 E evos    : 		at tk_trace.onAccountReady 630 ms(Unknown Source:0)
05-16 14:22:39.387 32292 32463 E evos    : 		at tk_trace.onSuccess FuturesMixin 633 ms(Unknown Source:0)
05-16 14:22:39.387 32292 32463 E evos    : 		at tk_trace.OverlayBinder.setActivityState 0 ms(Unknown Source:0)
05-16 14:22:39.387 32292 32463 E evos    : 		at tk_trace.Invoking OverlayBinder 0 ms(Unknown Source:0)
05-16 14:22:39.387 32292 32463 E evos    : 	Suppressed: evqb: 
05-16 14:22:39.387 32292 32463 E evos    : 		at tk_trace.DISCOVER_CACHE_READ_START(unfinished)(Unknown Source:0)
05-16 14:22:39.387 32292 32463 E evos    : 		at tk_trace.RSDS.loadData 183 ms(Unknown Source:0)
05-16 14:22:39.387 32292 32463 E evos    : 		at tk_trace.DataSource loadData() 185 ms(Unknown Source:0)
05-16 14:22:39.387 32292 32463 E evos    : 		at tk_trace.onAccountReady 630 ms(Unknown Source:0)
05-16 14:22:39.387 32292 32463 E evos    : 		at tk_trace.onSuccess FuturesMixin 633 ms(Unknown Source:0)
05-16 14:22:39.387 32292 32463 E evos    : 		at tk_trace.OverlayBinder.setActivityState 0 ms(Unknown Source:0)
05-16 14:22:39.387 32292 32463 E evos    : 		at tk_trace.Invoking OverlayBinder 0 ms(Unknown Source:0)
05-16 14:22:39.387 32292 32463 E evos    : 	Suppressed: evqb: 
05-16 14:22:39.387 32292 32463 E evos    : 		at tk_trace.GOOGLEAPP_CRITICAL_STARTUP_UI_INTERACTIVE_FINISH(unfinished)(Unknown Source:0)
05-16 14:22:39.387 32292 32463 E evos    : 		at tk_trace.CriticalStartupUiInteractivePublisherpublish 0 ms(Unknown Source:0)
05-16 14:22:39.387 32292 32463 E evos    : 		at tk_trace.onAccountReady 630 ms(Unknown Source:0)
05-16 14:22:39.387 32292 32463 E evos    : 		at tk_trace.onSuccess FuturesMixin 633 ms(Unknown Source:0)
05-16 14:22:39.387 32292 32463 E evos    : 		at tk_trace.OverlayBinder.setActivityState 0 ms(Unknown Source:0)
05-16 14:22:39.387 32292 32463 E evos    : 		at tk_trace.Invoking OverlayBinder 0 ms(Unknown Source:0)
05-16 14:22:39.387 32292 32463 E evos    : 	Suppressed: evqb: 
05-16 14:22:39.387 32292 32463 E evos    : 		at tk_trace.GOOGLEAPP_CRITICAL_STARTUP_UI_INTERACTIVE_START(unfinished)(Unknown Source:0)
05-16 14:22:39.387 32292 32463 E evos    : 		at tk_trace.CriticalStartupUiInteractivePublisherpublish 0 ms(Unknown Source:0)
05-16 14:22:39.387 32292 32463 E evos    : 		at tk_trace.onAccountReady 630 ms(Unknown Source:0)
05-16 14:22:39.387 32292 32463 E evos    : 		at tk_trace.onSuccess FuturesMixin 633 ms(Unknown Source:0)
05-16 14:22:39.387 32292 32463 E evos    : 		at tk_trace.OverlayBinder.setActivityState 0 ms(Unknown Source:0)
05-16 14:22:39.387 32292 32463 E evos    : 		at tk_trace.Invoking OverlayBinder 0 ms(Unknown Source:0)
05-16 14:22:39.387 32292 32463 E evos    : 	Suppressed: evqb: 
05-16 14:22:39.387 32292 32463 E evos    : 		at tk_trace.DISCOVER_FRAGMENT_INSTANTIATE(unfinished)(Unknown Source:0)
05-16 14:22:39.387 32292 32463 E evos    : 		at tk_trace.onAccountReady 630 ms(Unknown Source:0)
05-16 14:22:39.387 32292 32463 E evos    : 		at tk_trace.onSuccess FuturesMixin 633 ms(Unknown Source:0)
05-16 14:22:39.387 32292 32463 E evos    : 		at tk_trace.OverlayBinder.setActivityState 0 ms(Unknown Source:0)
05-16 14:22:39.387 32292 32463 E evos    : 		at tk_trace.Invoking OverlayBinder 0 ms(Unknown Source:0)
05-16 14:22:39.387 32292 32463 E evos    : 	Suppressed: evqb: 
05-16 14:22:39.387 32292 32463 E evos    : 		at tk_trace.ACETONE_INIT_COMPLETE(unfinished)(Unknown Source:0)
05-16 14:22:39.387 32292 32463 E evos    : 		at tk_trace.onAccountReady 630 ms(Unknown Source:0)
05-16 14:22:39.387 32292 32463 E evos    : 		at tk_trace.onSuccess FuturesMixin 633 ms(Unknown Source:0)
05-16 14:22:39.387 32292 32463 E evos    : 		at tk_trace.OverlayBinder.setActivityState 0 ms(Unknown Source:0)
05-16 14:22:39.387 32292 32463 E evos    : 		at tk_trace.Invoking OverlayBinder 0 ms(Unknown Source:0)
05-16 14:22:39.388 32292 32349 E evos    : (REDACTED) Trace %s timed out after %d ms. Complete trace: %s
05-16 14:22:39.388 32292 32349 E evos    : evqc: 
05-16 14:22:39.388 32292 32349 E evos    : 	at tk_trace.onSuccess FuturesMixin(Started After:0)
05-16 14:22:39.388 32292 32349 E evos    : 	at tk_trace.layout changed(Started After:0)
05-16 14:22:39.522  3201  4535 D IpClient/wlan0: addressUpdated: 2804:29b8:5099:a8d1:ac78:fdff:fe50:e419/64 on ifindex 36 flags 0x00000100 scope 0
05-16 14:22:39.522  3201  4535 D IpClient/wlan0: addressUpdated: 2804:29b8:5099:a8d1:2ec3:12f3:4791:b404/64 on ifindex 36 flags 0x00000001 scope 0
05-16 14:22:39.522  3201  4535 W AlarmManager: Unrecognized alarm listener com.android.networkstack.android.net.ip.IpClientLinkObserver$Dhcp6PdPreferredPrefixAlarmListener@3b85266
05-16 14:22:39.523  3201  4535 D ApfFilter: (wlan0): Ignoring RA RA fe80::2223:51ff:fec6:81f4 -> ff02::1 30s 2804:29b8:5099:a8d1::/64 172800s/172800s DNS 10s 2804:29b8:1000:1::17 2804:29b8:1000:1::18  which matches RA fe80::2223:51ff:fec6:81f4 -> ff02::1 30s 2804:29b8:5099:a8d1::/64 172800s/172800s DNS 10s 2804:29b8:1000:1::17 2804:29b8:1000:1::18 
05-16 14:22:39.629  3201  4535 D IpClient/wlan0: addressUpdated: 2804:29b8:5099:a8d1:ac78:fdff:fe50:e419/64 on ifindex 36 flags 0x00000100 scope 0
05-16 14:22:39.630  3201  4535 D IpClient/wlan0: addressUpdated: 2804:29b8:5099:a8d1:2ec3:12f3:4791:b404/64 on ifindex 36 flags 0x00000001 scope 0
05-16 14:22:39.630  3201  4535 W AlarmManager: Unrecognized alarm listener com.android.networkstack.android.net.ip.IpClientLinkObserver$Dhcp6PdPreferredPrefixAlarmListener@3b85266
05-16 14:22:39.631  3201  4535 D ApfFilter: (wlan0): Ignoring RA RA fe80::2223:51ff:fec6:81f4 -> ff02::1 30s 2804:29b8:5099:a8d1::/64 172800s/172800s DNS 10s 2804:29b8:1000:1::17 2804:29b8:1000:1::18  which matches RA fe80::2223:51ff:fec6:81f4 -> ff02::1 30s 2804:29b8:5099:a8d1::/64 172800s/172800s DNS 10s 2804:29b8:1000:1::17 2804:29b8:1000:1::18 
05-16 14:22:39.637  2431  3236 D SLM-SRV-SLAService: checktemp temperature = 37220 temperature_average = 36999 isPerformanceMode = false thermal_enable_slm = true
05-16 14:22:39.716  3224  3484 W bluetooth: packages/modules/MiuiBluetooth/system/bta/jv/bta_jv_act.cc:2184 bta_jv_idle_timeout_handler: : true
